PERMNO,date,PRC,RETX,sprtrn
86580,20130102,12.72000,0.037520,0.025403
86580,20130103,12.73000,0.000786,-0.002086
86580,20130104,13.15000,0.032993,0.004865
86580,20130107,12.77000,-0.028897,-0.003123
86580,20130108,12.49150,-0.021809,-0.003242
86580,20130109,12.21000,-0.022535,0.002656
86580,20130110,12.23000,0.001638,0.007597
86580,20130111,12.21000,-0.001635,-0.000048
86580,20130114,12.20000,-0.000819,-0.000931
86580,20130115,11.98000,-0.018033,0.001129
86580,20130116,12.09000,0.009182,0.000197
86580,20130117,12.25000,0.013234,0.005643
86580,20130118,12.17000,-0.006531,0.003403
86580,20130122,12.11000,-0.004930,0.004428
86580,20130123,12.13000,0.001652,0.001507
86580,20130124,12.19000,0.004946,0.000007
86580,20130125,12.41000,0.018048,0.005445
86580,20130128,12.61000,0.016116,-0.001850
86580,20130129,12.34000,-0.021412,0.005106
86580,20130130,12.32000,-0.001621,-0.003900
86580,20130131,12.26000,-0.004870,-0.002563
86580,20130201,12.37000,0.008972,0.010053
86580,20130204,12.16000,-0.016977,-0.011539
86580,20130205,12.44000,0.023026,0.010416
86580,20130206,12.34000,-0.008039,0.000549
86580,20130207,12.29000,-0.004052,-0.001805
86580,20130208,12.37000,0.006509,0.005658
86580,20130211,12.51000,0.011318,-0.000606
86580,20130212,12.43000,-0.006395,0.001595
86580,20130213,12.37000,-0.004827,0.000592
86580,20130214,12.73000,0.029103,0.000691
86580,20130215,12.73100,0.000079,-0.001045
86580,20130219,12.55500,-0.013824,0.007337
86580,20130220,12.38000,-0.013939,-0.012404
86580,20130221,12.29000,-0.007270,-0.006303
86580,20130222,12.52000,0.018714,0.008773
86580,20130225,12.30000,-0.017572,-0.018310
86580,20130226,12.37000,0.005691,0.006109
86580,20130227,12.60000,0.018593,0.012726
86580,20130228,12.66000,0.004762,-0.000864
86580,20130301,12.71000,0.003949,0.002324
86580,20130304,12.65500,-0.004327,0.004611
86580,20130305,12.80000,0.011458,0.009566
86580,20130306,12.79000,-0.000781,0.001085
86580,20130307,12.76000,-0.002346,0.001816
86580,20130308,12.82000,0.004702,0.004481
86580,20130311,12.69500,-0.009750,0.003249
86580,20130312,12.74000,0.003545,-0.002403
86580,20130313,12.74000,0.000000,0.001314
86580,20130314,12.75000,0.000785,0.005603
86580,20130315,12.64000,-0.008627,-0.001618
86580,20130318,12.55000,-0.007120,-0.005510
86580,20130319,12.47000,-0.006374,-0.002423
86580,20130320,12.62000,0.012029,0.006697
86580,20130321,12.42000,-0.015848,-0.008282
86580,20130322,12.48000,0.004831,0.007174
86580,20130325,12.41000,-0.005609,-0.003340
86580,20130326,12.50000,0.007252,0.007785
86580,20130327,12.65000,0.012000,-0.000588
86580,20130328,12.83000,0.014229,0.004057
86580,20130401,12.41000,-0.032736,-0.004474
86580,20130402,12.27500,-0.010878,0.005172
86580,20130403,12.12600,-0.012138,-0.010546
86580,20130404,12.24500,0.009814,0.004048
86580,20130405,12.46000,0.017558,-0.004295
86580,20130408,12.43000,-0.002408,0.006303
86580,20130409,12.63000,0.016090,0.003544
86580,20130410,12.83000,0.015835,0.012189
86580,20130411,12.77000,-0.004676,0.003552
86580,20130412,13.09000,0.025059,-0.002837
86580,20130415,12.82000,-0.020626,-0.022966
86580,20130416,12.96000,0.010920,0.014307
86580,20130417,12.78500,-0.013503,-0.014328
86580,20130418,12.54000,-0.019163,-0.006701
86580,20130419,12.57000,0.002392,0.008848
86580,20130422,12.59000,0.001591,0.004662
86580,20130423,12.92000,0.026211,0.010419
86580,20130424,13.36000,0.034056,0.000006
86580,20130425,13.47000,0.008234,0.004035
86580,20130426,13.41000,-0.004454,-0.001842
86580,20130429,13.57000,0.011931,0.007186
86580,20130430,13.77000,0.014738,0.002485
86580,20130501,13.65000,-0.008715,-0.009308
86580,20130502,13.81000,0.011722,0.009408
86580,20130503,13.87000,0.004345,0.010535
86580,20130506,13.83000,-0.002884,0.001908
86580,20130507,13.65000,-0.013015,0.005230
86580,20130508,13.89900,0.018242,0.004139
86580,20130509,13.91000,0.000791,-0.003687
86580,20130510,14.54000,0.045291,0.004322
86580,20130513,14.24000,-0.020633,0.000043
86580,20130514,14.45000,0.014747,0.010142
86580,20130515,14.69500,0.016955,0.005114
86580,20130516,14.63000,-0.004423,-0.005010
86580,20130517,14.87000,0.016405,0.010300
86580,20130520,14.84000,-0.002017,-0.000708
86580,20130521,14.92000,0.005391,0.001722
86580,20130522,14.40000,-0.034853,-0.008274
86580,20130523,14.63000,0.015972,-0.002924
86580,20130524,14.54000,-0.006152,-0.000551
86580,20130528,14.53000,-0.000688,0.006341
86580,20130529,14.44000,-0.006194,-0.007048
86580,20130530,14.63000,0.013158,0.003670
86580,20130531,14.47000,-0.010936,-0.014307
86580,20130603,14.45000,-0.001382,0.005936
86580,20130604,14.47000,0.001384,-0.005511
86580,20130605,14.16000,-0.021424,-0.013780
86580,20130606,14.25000,0.006356,0.008490
86580,20130607,14.44500,0.013684,0.012832
86580,20130610,14.44000,-0.000346,-0.000347
86580,20130611,14.17000,-0.018698,-0.010153
86580,20130612,14.05000,-0.008469,-0.008370
86580,20130613,14.37000,0.022776,0.014784
86580,20130614,14.35000,-0.001392,-0.005885
86580,20130617,14.49000,0.009756,0.007567
86580,20130618,14.40000,-0.006211,0.007791
86580,20130619,14.84000,0.030556,-0.013851
86580,20130620,14.44000,-0.026954,-0.025010
86580,20130621,14.41500,-0.001731,0.002670
86580,20130624,14.12000,-0.020465,-0.012145
86580,20130625,14.22000,0.007082,0.009497
86580,20130626,14.14000,-0.005626,0.009590
86580,20130627,14.01000,-0.009194,0.006200
86580,20130628,14.04000,0.002141,-0.004290
86580,20130701,14.10000,0.004274,0.005404
86580,20130702,14.09000,-0.000709,-0.000545
86580,20130703,14.13000,0.002839,0.000824
86580,20130705,14.24000,0.007785,0.010202
86580,20130708,14.16500,-0.005267,0.005252
86580,20130709,14.24100,0.005365,0.007230
86580,20130710,14.43000,0.013272,0.000182
86580,20130711,14.63000,0.013860,0.013554
86580,20130712,14.64000,0.000684,0.003087
86580,20130715,14.61000,-0.002049,0.001375
86580,20130716,14.69000,0.005476,-0.003709
86580,20130717,14.61000,-0.005446,0.002774
86580,20130718,14.55000,-0.004107,0.005033
86580,20130719,14.24000,-0.021306,0.001610
86580,20130722,14.23000,-0.000702,0.002033
86580,20130723,14.21000,-0.001405,-0.001852
86580,20130724,14.21000,0.000000,-0.003811
86580,20130725,14.26000,0.003519,0.002556
86580,20130726,14.20000,-0.004208,0.000828
86580,20130729,14.17000,-0.002113,-0.003736
86580,20130730,14.41000,0.016937,0.000374
86580,20130731,14.43500,0.001735,-0.000136
86580,20130801,14.64000,0.014202,0.012541
86580,20130802,14.76000,0.008197,0.001640
86580,20130805,14.83000,0.004743,-0.001480
86580,20130806,14.61000,-0.014835,-0.005723
86580,20130807,14.60000,-0.000684,-0.003806
86580,20130808,14.69900,0.006781,0.003885
86580,20130809,14.49000,-0.014219,-0.003570
86580,20130812,14.37000,-0.008282,-0.001153
86580,20130813,14.42000,0.003479,0.002776
86580,20130814,15.03000,0.042302,-0.005177
86580,20130815,15.12500,0.006321,-0.014282
86580,20130816,15.18900,0.004231,-0.003305
86580,20130819,14.95000,-0.015735,-0.005900
86580,20130820,14.95000,0.000000,0.003821
86580,20130821,14.88000,-0.004682,-0.005780
86580,20130822,14.96000,0.005376,0.008619
86580,20130823,14.96000,0.000000,0.003947
86580,20130826,14.99500,0.002340,-0.004040
86580,20130827,14.80500,-0.012671,-0.015874
86580,20130828,14.80000,-0.000338,0.002748
86580,20130829,14.77000,-0.002027,0.001963
86580,20130830,14.75000,-0.001354,-0.003174
86580,20130903,14.76000,0.000678,0.004164
86580,20130904,14.90000,0.009485,0.008117
86580,20130905,14.94000,0.002685,0.001210
86580,20130906,14.88000,-0.004016,0.000054
86580,20130909,15.12500,0.016465,0.009993
86580,20130910,15.45000,0.021488,0.007346
86580,20130911,15.71000,0.016828,0.003052
86580,20130912,15.70000,-0.000637,-0.003380
86580,20130913,15.80000,0.006369,0.002715
86580,20130916,15.81000,0.000633,0.005693
86580,20130917,15.86000,0.003163,0.004218
86580,20130918,15.99900,0.008764,0.012178
86580,20130919,15.92500,-0.004625,-0.001843
86580,20130920,15.79500,-0.008163,-0.007217
86580,20130923,15.64000,-0.009813,-0.004720
86580,20130924,15.70000,0.003836,-0.002597
86580,20130925,15.72500,0.001592,-0.002739
86580,20130926,15.67000,-0.003498,0.003485
86580,20130927,15.58000,-0.005743,-0.004074
86580,20130930,15.56000,-0.001284,-0.006029
86580,20131001,15.55000,-0.000643,0.007999
86580,20131002,15.54000,-0.000643,-0.000667
86580,20131003,15.38000,-0.010296,-0.008979
86580,20131004,15.59000,0.013654,0.007053
86580,20131007,15.59000,0.000000,-0.008506
86580,20131008,15.46000,-0.008339,-0.012332
86580,20131009,15.22000,-0.015524,0.000574
86580,20131010,15.38500,0.010841,0.021830
86580,20131011,15.26000,-0.008125,0.006286
86580,20131014,15.49000,0.015072,0.004075
86580,20131015,15.41000,-0.005165,-0.007064
86580,20131016,15.60000,0.012330,0.013828
86580,20131017,15.63000,0.001923,0.006744
86580,20131018,15.81000,0.011516,0.006549
86580,20131021,15.85000,0.002530,0.000092
86580,20131022,15.77000,-0.005047,0.005738
86580,20131023,15.50100,-0.017058,-0.004725
86580,20131024,15.38500,-0.007483,0.003258
86580,20131025,15.24000,-0.009425,0.004395
86580,20131028,15.21000,-0.001968,0.001330
86580,20131029,15.23000,0.001315,0.005584
86580,20131030,15.22000,-0.000657,-0.004876
86580,20131031,15.18900,-0.002037,-0.003839
86580,20131101,15.25500,0.004345,0.002903
86580,20131104,14.82000,-0.028515,0.003571
86580,20131105,14.80000,-0.001349,-0.002806
86580,20131106,14.90000,0.006757,0.004266
86580,20131107,14.54500,-0.023825,-0.013183
86580,20131108,15.56000,0.069783,0.013428
86580,20131111,15.69000,0.008355,0.000723
86580,20131112,15.71500,0.001593,-0.002370
86580,20131113,16.15000,0.027681,0.008095
86580,20131114,16.22000,0.004334,0.004837
86580,20131115,16.17000,-0.003083,0.004222
86580,20131118,15.78000,-0.024119,-0.003698
86580,20131119,15.44000,-0.021546,-0.002043
86580,20131120,15.21000,-0.014896,-0.003636
86580,20131121,15.33000,0.007890,0.008129
86580,20131122,15.18000,-0.009785,0.004961
86580,20131125,15.51000,0.021739,-0.001263
86580,20131126,15.64000,0.008382,0.000150
86580,20131127,15.70000,0.003836,0.002485
86580,20131129,15.60000,-0.006369,-0.000786
86580,20131202,15.75000,0.009615,-0.002719
86580,20131203,15.74000,-0.000635,-0.003193
86580,20131204,15.96000,0.013977,-0.001304
86580,20131205,15.70000,-0.016291,-0.004340
86580,20131206,15.47000,-0.014650,0.011238
86580,20131209,15.20500,-0.017130,0.001817
86580,20131210,15.56000,0.023348,-0.003180
86580,20131211,15.41000,-0.009640,-0.011317
86580,20131212,15.11000,-0.019468,-0.003771
86580,20131213,15.02000,-0.005956,-0.000101
86580,20131216,15.04000,0.001332,0.006320
86580,20131217,15.11000,0.004654,-0.003101
86580,20131218,15.32000,0.013898,0.016648
86580,20131219,15.38000,0.003916,-0.000580
86580,20131220,15.68500,0.019831,0.004819
86580,20131223,15.78000,0.006057,0.005318
86580,20131224,15.82000,0.002535,0.002916
86580,20131226,15.67000,-0.009482,0.004745
86580,20131227,15.76000,0.005743,-0.000337
86580,20131230,15.97000,0.013325,-0.000179
86580,20131231,16.02000,0.003131,0.003960
86580,20140102,15.86000,-0.009988,-0.008862
86580,20140103,15.67000,-0.011980,-0.000333
86580,20140106,15.88000,0.013401,-0.002512
86580,20140107,16.14000,0.016373,0.006082
86580,20140108,16.36000,0.013631,-0.000212
86580,20140109,15.75000,-0.037286,0.000348
86580,20140110,15.73000,-0.001270,0.002307
86580,20140113,15.36000,-0.023522,-0.012576
86580,20140114,15.84000,0.031250,0.010818
86580,20140115,16.01000,0.010732,0.005166
86580,20140116,16.06000,0.003123,-0.001347
86580,20140117,15.99000,-0.004359,-0.003895
86580,20140121,16.05000,0.003752,0.002774
86580,20140122,16.03000,-0.001246,0.000575
86580,20140123,15.97000,-0.003743,-0.008890
86580,20140124,15.56000,-0.025673,-0.020875
86580,20140127,15.46000,-0.006427,-0.004876
86580,20140128,15.61000,0.009702,0.006141
86580,20140129,15.46000,-0.009609,-0.010209
86580,20140130,15.72000,0.016818,0.011267
86580,20140131,15.70000,-0.001272,-0.006465
86580,20140203,15.49000,-0.013376,-0.022832
86580,20140204,15.58000,0.005810,0.007641
86580,20140205,15.44000,-0.008986,-0.002028
86580,20140206,15.64000,0.012953,0.012440
86580,20140207,15.87000,0.014706,0.013302
86580,20140210,15.92000,0.003151,0.001569
86580,20140211,16.25000,0.020729,0.011062
86580,20140212,16.83000,0.035692,-0.000269
86580,20140213,17.36000,0.031491,0.005810
86580,20140214,17.91000,0.031682,0.004809
86580,20140218,17.90000,-0.000558,0.001158
86580,20140219,18.14000,0.013408,-0.006524
86580,20140220,18.78000,0.035281,0.006031
86580,20140221,18.64000,-0.007455,-0.001919
86580,20140224,18.91000,0.014485,0.006187
86580,20140225,18.74000,-0.008990,-0.001348
86580,20140226,18.71000,-0.001601,0.000022
86580,20140227,18.50000,-0.011224,0.004948
86580,20140228,18.38000,-0.006487,0.002783
86580,20140303,18.29000,-0.004897,-0.007379
86580,20140304,18.48000,0.010388,0.015268
86580,20140305,18.64000,0.008658,-0.000053
86580,20140306,18.38000,-0.013949,0.001718
86580,20140307,18.36000,-0.001088,0.000538
86580,20140310,18.09000,-0.014706,-0.000463
86580,20140311,18.27000,0.009950,-0.005082
86580,20140312,18.32000,0.002737,0.000305
86580,20140313,17.74000,-0.031659,-0.011701
86580,20140314,17.82000,0.004510,-0.002822
86580,20140317,17.82000,0.000000,0.009614
86580,20140318,18.24000,0.023569,0.007220
86580,20140319,18.55500,0.017270,-0.006132
86580,20140320,18.57000,0.000808,0.006041
86580,20140321,18.54000,-0.001615,-0.002933
86580,20140324,18.45000,-0.004854,-0.004865
86580,20140325,18.45000,0.000000,0.004404
86580,20140326,18.03000,-0.022764,-0.007000
86580,20140327,17.79000,-0.013311,-0.001900
86580,20140328,17.90000,0.006183,0.004640
86580,20140331,17.91000,0.000559,0.007924
86580,20140401,18.65000,0.041318,0.007039
86580,20140402,18.53000,-0.006434,0.002853
86580,20140403,18.73000,0.010793,-0.001126
86580,20140404,18.15000,-0.030966,-0.012537
86580,20140407,18.21000,0.003306,-0.010750
86580,20140408,18.86000,0.035695,0.003751
86580,20140409,18.84000,-0.001060,0.010918
86580,20140410,18.38000,-0.024416,-0.020885
86580,20140411,18.12000,-0.014146,-0.009487
86580,20140414,18.32000,0.011037,0.008217
86580,20140415,18.45000,0.007096,0.006757
86580,20140416,18.49000,0.002168,0.010488
86580,20140417,18.56000,0.003786,0.001364
86580,20140421,18.71000,0.008082,0.003775
86580,20140422,18.87000,0.008552,0.004092
86580,20140423,19.09000,0.011659,-0.002213
86580,20140424,19.26000,0.008905,0.001717
86580,20140425,18.73000,-0.027518,-0.008096
86580,20140428,18.65000,-0.004271,0.003236
86580,20140429,18.69000,0.002145,0.004761
86580,20140430,18.47000,-0.011771,0.002992
86580,20140501,18.57000,0.005414,-0.000143
86580,20140502,18.43000,-0.007539,-0.001348
86580,20140505,18.63000,0.010852,0.001871
86580,20140506,18.25000,-0.020397,-0.008988
86580,20140507,18.27500,0.001370,0.005616
86580,20140508,18.50000,0.012312,-0.001374
86580,20140509,18.05000,-0.024324,0.001519
86580,20140512,18.58000,0.029363,0.009673
86580,20140513,18.28000,-0.016146,0.000422
86580,20140514,18.10000,-0.009847,-0.004701
86580,20140515,18.00000,-0.005525,-0.009362
86580,20140516,17.96000,-0.002222,0.003747
86580,20140519,18.54000,0.032294,0.003845
86580,20140520,18.24000,-0.016181,-0.006498
86580,20140521,18.24000,0.000000,0.008116
86580,20140522,18.32000,0.004386,0.002362
86580,20140523,18.49000,0.009279,0.004248
86580,20140527,18.82000,0.017847,0.005988
86580,20140528,18.98000,0.008502,-0.001114
86580,20140529,18.95000,-0.001581,0.005367
86580,20140530,19.00000,0.002638,0.001844
86580,20140602,18.94000,-0.003158,0.000728
86580,20140603,18.86000,-0.004224,-0.000379
86580,20140604,18.88000,0.001060,0.001892
86580,20140605,18.96000,0.004237,0.006525
86580,20140606,19.03000,0.003692,0.004628
86580,20140609,19.05000,0.001051,0.000939
86580,20140610,19.15000,0.005249,-0.000246
86580,20140611,19.40000,0.013055,-0.003537
86580,20140612,19.52000,0.006186,-0.007089
86580,20140613,19.54000,0.001025,0.003135
86580,20140616,19.48000,-0.003071,0.000837
86580,20140617,19.61000,0.006674,0.002173
86580,20140618,19.59000,-0.001020,0.007719
86580,20140619,19.13800,-0.023073,0.001277
86580,20140620,18.93000,-0.010868,0.001730
86580,20140623,18.71000,-0.011622,-0.000132
86580,20140624,18.42000,-0.015500,-0.006435
86580,20140625,18.61000,0.010315,0.004897
86580,20140626,18.36000,-0.013434,-0.001179
86580,20140627,18.38000,0.001089,0.001911
86580,20140630,18.54000,0.008705,-0.000372
86580,20140701,18.75000,0.011327,0.006678
86580,20140702,18.68250,-0.003600,0.000659
86580,20140703,18.85000,0.008966,0.005480
86580,20140707,18.70000,-0.007958,-0.003924
86580,20140708,18.55000,-0.008021,-0.007049
86580,20140709,19.11000,0.030189,0.004644
86580,20140710,19.00500,-0.005495,-0.004131
86580,20140711,19.05000,0.002368,0.001471
86580,20140714,19.29000,0.012599,0.004844
86580,20140715,19.37000,0.004147,-0.001932
86580,20140716,19.35000,-0.001033,0.004201
86580,20140717,19.30000,-0.002584,-0.011834
86580,20140718,18.44000,-0.044560,0.010265
86580,20140721,18.55000,0.005965,-0.002320
86580,20140722,18.47000,-0.004313,0.005016
86580,20140723,18.08000,-0.021115,0.001754
86580,20140724,18.11000,0.001659,0.000488
86580,20140725,17.79000,-0.017670,-0.004849
86580,20140728,17.72000,-0.003935,0.000288
86580,20140729,17.78000,0.003386,-0.004528
86580,20140730,18.08000,0.016873,0.000061
86580,20140731,17.50000,-0.032080,-0.019999
86580,20140801,17.69000,0.010857,-0.002859
86580,20140804,17.65000,-0.002261,0.007189
86580,20140805,17.66000,0.000567,-0.009685
86580,20140806,17.64000,-0.001133,0.000016
86580,20140807,17.46000,-0.010204,-0.005557
86580,20140808,19.00000,0.088202,0.011531
86580,20140811,18.90000,-0.005263,0.002759
86580,20140812,18.90000,0.000000,-0.001637
86580,20140813,19.01000,0.005820,0.006707
86580,20140814,18.80000,-0.011047,0.004346
86580,20140815,19.04000,0.012766,-0.000061
86580,20140818,19.30000,0.013655,0.008532
86580,20140819,19.37000,0.003627,0.005001
86580,20140820,19.25000,-0.006195,0.002478
86580,20140821,19.07000,-0.009351,0.002950
86580,20140822,19.08000,0.000524,-0.001993
86580,20140825,19.11000,0.001572,0.004788
86580,20140826,19.45500,0.018053,0.001051
86580,20140827,19.23000,-0.011565,0.000050
86580,20140828,19.39000,0.008320,-0.001690
86580,20140829,19.45000,0.003094,0.003320
86580,20140902,19.49500,0.002314,-0.000544
86580,20140903,19.68500,0.009746,-0.000779
86580,20140904,20.03000,0.017526,-0.001534
86580,20140905,19.97000,-0.002996,0.005036
86580,20140908,19.79000,-0.009013,-0.003073
86580,20140909,19.54000,-0.012633,-0.006545
86580,20140910,19.61000,0.003582,0.003646
86580,20140911,19.41000,-0.010199,0.000882
86580,20140912,19.12000,-0.014941,-0.005963
86580,20140915,18.86000,-0.013598,-0.000710
86580,20140916,19.13500,0.014581,0.007484
86580,20140917,19.15000,0.000784,0.001296
86580,20140918,19.44000,0.015144,0.004891
86580,20140919,19.08000,-0.018519,-0.000477
86580,20140922,18.89000,-0.009958,-0.008013
86580,20140923,18.81000,-0.004235,-0.005776
86580,20140924,18.92000,0.005848,0.007832
86580,20140925,18.51000,-0.021670,-0.016169
86580,20140926,18.54500,0.001891,0.008576
86580,20140929,18.51500,-0.001618,-0.002547
86580,20140930,18.45000,-0.003511,-0.002786
86580,20141001,18.27000,-0.009756,-0.013249
86580,20141002,18.19000,-0.004379,0.000005
86580,20141003,18.23000,0.002199,0.011166
86580,20141006,18.12000,-0.006034,-0.001565
86580,20141007,17.92500,-0.010762,-0.015126
86580,20141008,18.26000,0.018689,0.017462
86580,20141009,17.91000,-0.019168,-0.020661
86580,20141010,16.84500,-0.059464,-0.011451
86580,20141013,16.78500,-0.003562,-0.016468
86580,20141014,17.17500,0.023235,0.001579
86580,20141015,17.44000,0.015429,-0.008100
86580,20141016,17.45000,0.000573,0.000145
86580,20141017,17.42000,-0.001719,0.012884
86580,20141020,17.57000,0.008611,0.009143
86580,20141021,18.32000,0.042686,0.019574
86580,20141022,17.89000,-0.023472,-0.007299
86580,20141023,18.28500,0.022079,0.012303
86580,20141024,18.48000,0.010664,0.007053
86580,20141027,18.49000,0.000541,-0.001502
86580,20141028,18.93000,0.023797,0.011939
86580,20141029,18.80500,-0.006603,-0.001385
86580,20141030,18.69000,-0.006115,0.006230
86580,20141031,19.54000,0.045479,0.011731
86580,20141103,19.87000,0.016888,-0.000119
86580,20141104,20.13000,0.013085,-0.002830
86580,20141105,20.13000,0.000000,0.005701
86580,20141106,20.22000,0.004471,0.003776
86580,20141107,19.79000,-0.021266,0.000350
86580,20141110,20.02000,0.011622,0.003120
86580,20141111,19.78000,-0.011988,0.000697
86580,20141112,19.64500,-0.006825,-0.000701
86580,20141113,19.55000,-0.004836,0.000530
86580,20141114,19.78500,0.012020,0.000240
86580,20141117,19.69500,-0.004549,0.000735
86580,20141118,20.17000,0.024118,0.005134
86580,20141119,20.01000,-0.007933,-0.001501
86580,20141120,20.34000,0.016492,0.001967
86580,20141121,20.45500,0.005654,0.005237
86580,20141124,20.58000,0.006111,0.002864
86580,20141125,20.57000,-0.000486,-0.001150
86580,20141126,20.91500,0.016772,0.002806
86580,20141128,20.97000,0.002630,-0.002542
86580,20141201,20.58000,-0.018598,-0.006829
86580,20141202,20.61000,0.001458,0.006384
86580,20141203,21.14000,0.025716,0.003765
86580,20141204,20.95000,-0.008988,-0.001162
86580,20141205,21.07000,0.005728,0.001665
86580,20141208,20.80000,-0.012814,-0.007257
86580,20141209,20.73000,-0.003365,-0.000238
86580,20141210,20.27000,-0.022190,-0.016351
86580,20141211,20.26000,-0.000493,0.004536
86580,20141212,19.63000,-0.031096,-0.016214
86580,20141215,19.57000,-0.003057,-0.006343
86580,20141216,19.34500,-0.011497,-0.008489
86580,20141217,20.14000,0.041096,0.020352
86580,20141218,20.22000,0.003972,0.024015
86580,20141219,20.42000,0.009891,0.004570
86580,20141222,20.78000,0.017630,0.003810
86580,20141223,20.65000,-0.006256,0.001746
86580,20141224,20.57000,-0.003874,-0.000139
86580,20141226,20.59000,0.000972,0.003310
86580,20141229,20.56000,-0.001457,0.000862
86580,20141230,20.37000,-0.009241,-0.004889
86580,20141231,20.05000,-0.015709,-0.010311
86580,20150102,20.13000,0.003990,-0.000340
86580,20150105,19.79000,-0.016890,-0.018278
86580,20150106,19.19000,-0.030318,-0.008893
86580,20150107,19.13500,-0.002866,0.011630
86580,20150108,19.86000,0.037889,0.017888
86580,20150109,19.94000,0.004028,-0.008404
86580,20150112,19.69000,-0.012538,-0.008094
86580,20150113,19.65500,-0.001778,-0.002579
86580,20150114,19.74000,0.004325,-0.005813
86580,20150115,19.60000,-0.007092,-0.009248
86580,20150116,19.96000,0.018367,0.013424
86580,20150120,20.02000,0.003006,0.001550
86580,20150121,20.30000,0.013986,0.004732
86580,20150122,20.65000,0.017241,0.015270
86580,20150123,20.71000,0.002906,-0.005492
86580,20150126,20.61500,-0.004587,0.002568
86580,20150127,19.63000,-0.047781,-0.013388
86580,20150128,19.31000,-0.016302,-0.013496
86580,20150129,19.78000,0.024340,0.009535
86580,20150130,19.20500,-0.029070,-0.012992
86580,20150202,19.62000,0.021609,0.012962
86580,20150203,20.11000,0.024975,0.014439
86580,20150204,20.16000,0.002486,-0.004156
86580,20150205,20.48500,0.016121,0.010291
86580,20150206,20.40000,-0.004149,-0.003418
86580,20150209,20.38000,-0.000980,-0.004247
86580,20150210,20.95000,0.027969,0.010676
86580,20150211,20.81000,-0.006683,-0.000029
86580,20150212,22.30000,0.071600,0.009645
86580,20150213,22.31000,0.000448,0.004075
86580,20150217,22.37500,0.002914,0.001598
86580,20150218,22.12000,-0.011397,-0.000314
86580,20150219,22.17500,0.002486,-0.001062
86580,20150220,22.33500,0.007215,0.006126
86580,20150223,22.16000,-0.007835,-0.000303
86580,20150224,22.31000,0.006769,0.002759
86580,20150225,22.14000,-0.007620,-0.000766
86580,20150226,22.20000,0.002710,-0.001476
86580,20150227,22.06000,-0.006306,-0.002956
86580,20150302,22.59500,0.024252,0.006125
86580,20150303,22.18000,-0.018367,-0.004539
86580,20150304,22.43000,0.011271,-0.004389
86580,20150305,22.86000,0.019171,0.001196
86580,20150306,22.55000,-0.013561,-0.014174
86580,20150309,22.61000,0.002661,0.003944
86580,20150310,22.99500,0.017028,-0.016961
86580,20150311,22.88000,-0.005001,-0.001918
86580,20150312,22.67000,-0.009178,0.012601
86580,20150313,22.70000,0.001323,-0.006075
86580,20150316,22.97000,0.011894,0.013534
86580,20150317,23.25000,0.012190,-0.003320
86580,20150318,22.87000,-0.016344,0.012158
86580,20150319,23.21500,0.015085,-0.004873
86580,20150320,23.47000,0.010984,0.009013
86580,20150323,22.71000,-0.032382,-0.001746
86580,20150324,22.40000,-0.013650,-0.006139
86580,20150325,21.04000,-0.060714,-0.014559
86580,20150326,20.96500,-0.003565,-0.002377
86580,20150327,21.38000,0.019795,0.002369
86580,20150330,21.47000,0.004210,0.012237
86580,20150331,20.92500,-0.025384,-0.008796
86580,20150401,21.01000,0.004062,-0.003965
86580,20150402,21.06000,0.002380,0.003530
86580,20150406,21.66500,0.028728,0.006609
86580,20150407,21.86000,0.009001,-0.002062
86580,20150408,22.02000,0.007319,0.002683
86580,20150409,22.52500,0.022934,0.004457
86580,20150410,22.76000,0.010433,0.005203
86580,20150413,22.55000,-0.009227,-0.004581
86580,20150414,22.36000,-0.008426,0.001630
86580,20150415,22.63000,0.012075,0.005148
86580,20150416,22.49000,-0.006186,-0.000778
86580,20150417,22.20000,-0.012895,-0.011311
86580,20150420,22.09000,-0.004955,0.009235
86580,20150421,22.05500,-0.001584,-0.001481
86580,20150422,22.31000,0.011562,0.005088
86580,20150423,22.22000,-0.004034,0.002358
86580,20150424,22.03000,-0.008551,0.002253
86580,20150427,22.20000,0.007717,-0.004141
86580,20150428,22.30500,0.004730,0.002769
86580,20150429,22.14000,-0.007397,-0.003740
86580,20150430,22.19500,0.002484,-0.010129
86580,20150501,22.75000,0.025006,0.010923
86580,20150504,22.61000,-0.006154,0.002941
86580,20150505,22.03000,-0.025652,-0.011837
86580,20150506,22.10000,0.003177,-0.004456
86580,20150507,22.49000,0.017647,0.003774
86580,20150508,20.82500,-0.074033,0.013458
86580,20150511,20.63000,-0.009364,-0.005090
86580,20150512,20.83000,0.009695,-0.002950
86580,20150513,20.95000,0.005761,-0.000305
86580,20150514,21.29000,0.016229,0.010779
86580,20150515,21.30000,0.000470,0.000768
86580,20150518,21.27000,-0.001408,0.003048
86580,20150519,21.04000,-0.010813,-0.000643
86580,20150520,21.04000,0.000000,-0.000931
86580,20150521,20.89000,-0.007129,0.002338
86580,20150522,20.86000,-0.001436,-0.002234
86580,20150526,20.73000,-0.006232,-0.010282
86580,20150527,21.84000,0.053546,0.009163
86580,20150528,22.14000,0.013736,-0.001267
86580,20150529,22.13000,-0.000452,-0.006318
86580,20150601,22.38000,0.011297,0.002059
86580,20150602,21.93500,-0.019884,-0.001009
86580,20150603,21.70000,-0.010713,0.002119
86580,20150604,22.09000,0.017972,-0.008623
86580,20150605,22.26000,0.007696,-0.001436
86580,20150608,21.75000,-0.022911,-0.006474
86580,20150609,21.86000,0.005057,0.000418
86580,20150610,21.47000,-0.017841,0.012042
86580,20150611,21.70000,0.010713,0.001739
86580,20150612,21.11000,-0.027189,-0.006994
86580,20150615,21.07000,-0.001895,-0.004622
86580,20150616,21.33000,0.012340,0.005690
86580,20150617,21.58000,0.011721,0.001980
86580,20150618,21.94000,0.016682,0.009903
86580,20150619,21.87000,-0.003191,-0.005304
86580,20150622,21.77500,-0.004344,0.006095
86580,20150623,21.22000,-0.025488,0.000636
86580,20150624,21.01000,-0.009896,-0.007353
86580,20150625,21.17000,0.007615,-0.002974
86580,20150626,20.74000,-0.020312,-0.000390
86580,20150629,20.12000,-0.029894,-0.020866
86580,20150630,20.11000,-0.000497,0.002658
86580,20150701,20.40000,0.014421,0.006936
86580,20150702,20.42000,0.000980,-0.000308
86580,20150706,20.17000,-0.012243,-0.003862
86580,20150707,19.79000,-0.018840,0.006081
86580,20150708,19.65000,-0.007074,-0.016653
86580,20150709,19.41000,-0.012214,0.002262
86580,20150710,19.75000,0.017517,0.012338
86580,20150713,19.88000,0.006582,0.011066
86580,20150714,19.89000,0.000503,0.004453
86580,20150715,19.75000,-0.007039,-0.000735
86580,20150716,20.19000,0.022279,0.008015
86580,20150717,20.07000,-0.005944,0.001106
86580,20150720,19.70000,-0.018435,0.000771
86580,20150721,19.79000,0.004569,-0.004262
86580,20150722,19.40500,-0.019454,-0.002388
86580,20150723,19.65000,0.012626,-0.005676
86580,20150724,19.42000,-0.011705,-0.010703
86580,20150727,19.31000,-0.005664,-0.005775
86580,20150728,19.73000,0.021750,0.012386
86580,20150729,19.97000,0.012164,0.007319
86580,20150730,20.02000,0.002504,0.000028
86580,20150731,19.95000,-0.003496,-0.002272
86580,20150803,20.29000,0.017043,-0.002757
86580,20150804,20.37000,0.003943,-0.002250
86580,20150805,20.58000,0.010309,0.003115
86580,20150806,20.45000,-0.006317,-0.007753
86580,20150807,22.98000,0.123716,-0.002875
86580,20150810,23.78000,0.034813,0.012808
86580,20150811,23.66000,-0.005046,-0.009557
86580,20150812,23.72000,0.002536,0.000950
86580,20150813,23.52000,-0.008432,-0.001275
86580,20150814,23.54000,0.000850,0.003912
86580,20150817,23.39000,-0.006372,0.005211
86580,20150818,23.08000,-0.013254,-0.002626
86580,20150819,22.99000,-0.003899,-0.008255
86580,20150820,22.16000,-0.036103,-0.021100
86580,20150821,21.47000,-0.031137,-0.031851
86580,20150824,20.71000,-0.035398,-0.039414
86580,20150825,20.28000,-0.020763,-0.013522
86580,20150826,21.81000,0.075444,0.039034
86580,20150827,22.63000,0.037597,0.024298
86580,20150828,22.73000,0.004419,0.000609
86580,20150831,22.48000,-0.010999,-0.008392
86580,20150901,21.56000,-0.040925,-0.029576
86580,20150902,22.21000,0.030148,0.018293
86580,20150903,22.27000,0.002702,0.001165
86580,20150904,21.75000,-0.023350,-0.015330
86580,20150908,22.68000,0.042759,0.025083
86580,20150909,22.23000,-0.019841,-0.013898
86580,20150910,22.58000,0.015745,0.005278
86580,20150911,22.65000,0.003100,0.004487
86580,20150914,22.69000,0.001766,-0.004090
86580,20150915,22.94000,0.011018,0.012831
86580,20150916,23.10000,0.006975,0.008705
86580,20150917,23.31000,0.009091,-0.002561
86580,20150918,23.29000,-0.000858,-0.016164
86580,20150921,23.53000,0.010305,0.004566
86580,20150922,22.89000,-0.027199,-0.012318
86580,20150923,23.00000,0.004806,-0.002049
86580,20150924,23.44000,0.019130,-0.003363
86580,20150925,23.61000,0.007253,-0.000466
86580,20150928,23.30000,-0.013130,-0.025666
86580,20150929,23.71000,0.017597,0.001233
86580,20150930,24.65000,0.039646,0.019076
86580,20151001,24.17000,-0.019473,0.001974
86580,20151002,24.80000,0.026065,0.014315
86580,20151005,25.42000,0.025000,0.018290
86580,20151006,25.75000,0.012982,-0.003588
86580,20151007,26.02000,0.010485,0.008036
86580,20151008,26.17000,0.005765,0.008818
86580,20151009,26.07000,-0.003821,0.000725
86580,20151012,26.35000,0.010740,0.001276
86580,20151013,26.40000,0.001898,-0.006825
86580,20151014,27.36000,0.036364,-0.004716
86580,20151015,27.43000,0.002558,0.014853
86580,20151016,27.86000,0.015676,0.004570
86580,20151019,27.81000,-0.001795,0.000271
86580,20151020,27.77000,-0.001438,-0.001421
86580,20151021,27.41000,-0.012964,-0.005825
86580,20151022,28.40000,0.036118,0.016628
86580,20151023,28.59000,0.006690,0.011030
86580,20151026,28.46000,-0.004547,-0.001913
86580,20151027,28.44000,-0.000703,-0.002554
86580,20151028,28.67000,0.008087,0.011840
86580,20151029,27.68000,-0.034531,-0.000450
86580,20151030,28.37000,0.024928,-0.004810
86580,20151102,28.70000,0.011632,0.011874
86580,20151103,28.50000,-0.006969,0.002728
86580,20151104,28.03000,-0.016491,-0.003545
86580,20151105,27.71000,-0.011416,-0.001132
86580,20151106,31.55000,0.138578,-0.000348
86580,20151109,31.41000,-0.004437,-0.009823
86580,20151110,30.81000,-0.019102,0.001511
86580,20151111,30.51000,-0.009737,-0.003228
86580,20151112,30.40000,-0.003605,-0.013990
86580,20151113,29.80000,-0.019737,-0.011207
86580,20151116,30.40000,0.020134,0.014903
86580,20151117,30.40000,0.000000,-0.001339
86580,20151118,31.03000,0.020724,0.016162
86580,20151119,31.12000,0.002900,-0.001123
86580,20151120,31.39000,0.008676,0.003810
86580,20151123,30.92000,-0.014973,-0.001235
86580,20151124,31.17000,0.008085,0.001222
86580,20151125,31.13000,-0.001283,-0.000129
86580,20151127,31.39000,0.008352,0.000594
86580,20151130,31.72000,0.010513,-0.004641
86580,20151201,32.75000,0.032472,0.010681
86580,20151202,32.50000,-0.007634,-0.010996
86580,20151203,32.43000,-0.002154,-0.014374
86580,20151204,33.75000,0.040703,0.020526
86580,20151207,33.11000,-0.018963,-0.006990
86580,20151208,33.56000,0.013591,-0.006490
86580,20151209,32.71000,-0.025328,-0.007739
86580,20151210,32.98000,0.008254,0.002251
86580,20151211,32.49000,-0.014857,-0.019423
86580,20151214,32.57000,0.002462,0.004756
86580,20151215,32.97000,0.012281,0.010619
86580,20151216,33.17000,0.006066,0.014515
86580,20151217,32.67000,-0.015074,-0.015041
86580,20151218,32.14000,-0.016223,-0.017797
86580,20151221,32.89500,0.023491,0.007778
86580,20151222,32.93000,0.001064,0.008817
86580,20151223,33.05500,0.003796,0.012418
86580,20151224,33.17000,0.003479,-0.001599
86580,20151228,33.14000,-0.000904,-0.002179
86580,20151229,33.68000,0.016295,0.010630
86580,20151230,33.39000,-0.008610,-0.007217
86580,20151231,32.96000,-0.012878,-0.009412
86580,20160104,32.37000,-0.017900,-0.015304
86580,20160105,32.89000,0.016064,0.002012
86580,20160106,31.53000,-0.041350,-0.013115
86580,20160107,30.28000,-0.039645,-0.023700
86580,20160108,29.63000,-0.021466,-0.010838
86580,20160111,29.68000,0.001688,0.000853
86580,20160112,30.18000,0.016846,0.007803
86580,20160113,29.26000,-0.030484,-0.024965
86580,20160114,28.67000,-0.020164,0.016696
86580,20160115,27.11000,-0.054412,-0.021599
86580,20160119,27.33000,0.008115,0.000532
86580,20160120,27.48000,0.005488,-0.011694
86580,20160121,27.80000,0.011645,0.005195
86580,20160122,28.45000,0.023381,0.020284
86580,20160125,28.42000,-0.001055,-0.015638
86580,20160126,28.70000,0.009852,0.014144
86580,20160127,28.36000,-0.011847,-0.010863
86580,20160128,28.05000,-0.010931,0.005529
86580,20160129,29.29000,0.044207,0.024760
86580,20160201,29.30000,0.000341,-0.000443
86580,20160202,28.06000,-0.042321,-0.018743
86580,20160203,28.20000,0.004989,0.004992
86580,20160204,28.21000,0.000355,0.001527
86580,20160205,26.43000,-0.063098,-0.018481
86580,20160208,25.22000,-0.045781,-0.014154
86580,20160209,25.49000,0.010706,-0.000664
86580,20160210,25.43000,-0.002354,-0.000189
86580,20160211,25.30000,-0.005112,-0.012301
86580,20160212,25.73000,0.016996,0.019518
86580,20160216,26.99000,0.048970,0.016517
86580,20160217,27.66000,0.024824,0.016480
86580,20160218,30.04000,0.086045,-0.004666
86580,20160219,30.44000,0.013316,-0.000026
86580,20160222,31.52000,0.035480,0.014454
86580,20160223,31.60000,0.002538,-0.012454
86580,20160224,31.82000,0.006962,0.004440
86580,20160225,31.89000,0.002200,0.011348
86580,20160226,31.68000,-0.006585,-0.001870
86580,20160229,31.36000,-0.010101,-0.008121
86580,20160301,32.75000,0.044324,0.023869
86580,20160302,32.94000,0.005801,0.004094
86580,20160303,32.65000,-0.008804,0.003499
86580,20160304,32.55000,-0.003063,0.003306
86580,20160307,32.34000,-0.006452,0.000885
86580,20160308,31.75000,-0.018244,-0.011240
86580,20160309,31.73000,-0.000630,0.005052
86580,20160310,31.68000,-0.001576,0.000156
86580,20160311,32.22000,0.017045,0.016396
86580,20160314,32.30000,0.002483,-0.001261
86580,20160315,32.14000,-0.004954,-0.001837
86580,20160316,33.10000,0.029869,0.005600
86580,20160317,32.82000,-0.008459,0.006595
86580,20160318,33.81000,0.030165,0.004406
86580,20160321,33.91000,0.002958,0.000986
86580,20160322,33.85000,-0.001769,-0.000877
86580,20160323,34.43000,0.017134,-0.006386
86580,20160324,34.48000,0.001452,-0.000378
86580,20160328,34.83000,0.010151,0.000545
86580,20160329,35.39000,0.016078,0.008817
86580,20160330,35.76000,0.010455,0.004350
86580,20160331,35.63000,-0.003635,-0.002040
86580,20160401,36.15000,0.014594,0.006331
86580,20160404,35.80000,-0.009682,-0.003208
86580,20160405,35.75000,-0.001397,-0.010145
86580,20160406,35.80000,0.001399,0.010508
86580,20160407,35.43000,-0.010335,-0.011976
86580,20160408,35.66000,0.006492,0.002787
86580,20160411,35.88000,0.006169,-0.002740
86580,20160412,35.84000,-0.001115,0.009662
86580,20160413,36.74000,0.025112,0.010040
86580,20160414,36.84000,0.002722,0.000173
86580,20160415,37.13000,0.007872,-0.000984
86580,20160418,36.97000,-0.004309,0.006541
86580,20160419,36.31000,-0.017852,0.003085
86580,20160420,36.45000,0.003856,0.000762
86580,20160421,36.41000,-0.001097,-0.005194
86580,20160422,36.27000,-0.003845,0.000048
86580,20160425,36.45000,0.004963,-0.001812
86580,20160426,36.48000,0.000823,0.001873
86580,20160427,37.31000,0.022752,0.001649
86580,20160428,36.20000,-0.029751,-0.009231
86580,20160429,35.53000,-0.018508,-0.005063
86580,20160502,36.00000,0.013228,0.007810
86580,20160503,35.57000,-0.011944,-0.008677
86580,20160504,34.76000,-0.022772,-0.005937
86580,20160505,34.97000,0.006042,-0.000239
86580,20160506,35.33000,0.010295,0.003175
86580,20160509,35.28000,-0.001415,0.000753
86580,20160510,35.96000,0.019274,0.012484
86580,20160511,36.06000,0.002781,-0.009562
86580,20160512,35.57000,-0.013589,-0.000170
86580,20160513,40.98000,0.152094,-0.008478
86580,20160516,42.19000,0.029527,0.009797
86580,20160517,42.28000,0.002133,-0.009411
86580,20160518,43.36000,0.025544,0.000205
86580,20160519,43.55000,0.004382,-0.003707
86580,20160520,44.33000,0.017911,0.006019
86580,20160523,44.40000,0.001579,-0.002085
86580,20160524,45.36000,0.021622,0.013681
86580,20160525,45.17000,-0.004189,0.006975
86580,20160526,45.65000,0.010627,-0.000210
86580,20160527,45.90000,0.005476,0.004287
86580,20160531,46.72000,0.017865,-0.001000
86580,20160601,46.81000,0.001926,0.001130
86580,20160602,47.14000,0.007050,0.002825
86580,20160603,46.48000,-0.014001,-0.002912
86580,20160606,46.24000,-0.005163,0.004897
86580,20160607,46.33000,0.001946,0.001289
86580,20160608,46.18000,-0.003238,0.003309
86580,20160609,47.38000,0.025985,-0.001718
86580,20160610,46.20000,-0.024905,-0.009175
86580,20160613,46.79000,0.012771,-0.008115
86580,20160614,46.88000,0.001923,-0.001799
86580,20160615,47.36000,0.010239,-0.001841
86580,20160616,47.55000,0.004012,0.003133
86580,20160617,46.72000,-0.017455,-0.003258
86580,20160620,47.56000,0.017979,0.005808
86580,20160621,47.27000,-0.006098,0.002712
86580,20160622,47.23000,-0.000846,-0.001652
86580,20160623,48.49000,0.026678,0.013364
86580,20160624,45.73000,-0.056919,-0.035920
86580,20160627,45.24000,-0.010715,-0.018097
86580,20160628,45.90000,0.014589,0.017770
86580,20160629,46.65000,0.016340,0.017033
86580,20160630,47.01000,0.007717,0.013565
86580,20160701,46.66000,-0.007445,0.001949
86580,20160705,47.35000,0.014788,-0.006848
86580,20160706,47.65000,0.006336,0.005353
86580,20160707,48.89000,0.026023,-0.000872
86580,20160708,50.85000,0.040090,0.015253
86580,20160711,52.02000,0.023009,0.003409
86580,20160712,52.80000,0.014994,0.007009
86580,20160713,52.78000,-0.000379,0.000135
86580,20160714,53.32000,0.010231,0.005259
86580,20160715,52.70000,-0.011628,-0.000929
86580,20160718,52.97000,0.005123,0.002382
86580,20160719,53.52000,0.010383,-0.001435
86580,20160720,54.22000,0.013079,0.004270
86580,20160721,53.22000,-0.018443,-0.003612
86580,20160722,54.67000,0.027245,0.004554
86580,20160725,55.68000,0.018475,-0.003011
86580,20160726,56.63000,0.017062,0.000323
86580,20160727,56.06000,-0.010065,-0.001199
86580,20160728,56.18000,0.002141,0.001606
86580,20160729,57.10000,0.016376,0.001631
86580,20160801,56.73000,-0.006480,-0.001270
86580,20160802,56.04000,-0.012163,-0.006362
86580,20160803,56.19000,0.002677,0.003134
86580,20160804,57.23000,0.018509,0.000213
86580,20160805,58.20000,0.016949,0.008603
86580,20160808,58.74000,0.009278,-0.000907
86580,20160809,58.89000,0.002554,0.000390
86580,20160810,58.51000,-0.006453,-0.002865
86580,20160811,59.70000,0.020338,0.004735
86580,20160812,63.04000,0.055946,-0.000796
86580,20160815,62.98000,-0.000952,0.002793
86580,20160816,62.60000,-0.006034,-0.005479
86580,20160817,61.15000,-0.023163,0.001869
86580,20160818,62.10000,0.015536,0.002200
86580,20160819,62.26000,0.002576,-0.001440
86580,20160822,62.52000,0.004176,-0.000563
86580,20160823,62.91000,0.006238,0.001952
86580,20160824,61.94000,-0.015419,-0.005240
86580,20160825,61.53000,-0.006619,-0.001365
86580,20160826,62.03000,0.008126,-0.001579
86580,20160829,61.99000,-0.000645,0.005228
86580,20160830,61.63000,-0.005807,-0.001954
86580,20160831,61.34000,-0.004706,-0.002376
86580,20160901,63.15000,0.029508,-0.000041
86580,20160902,62.53000,-0.009818,0.004201
86580,20160906,63.12000,0.009435,0.002982
86580,20160907,62.19000,-0.014734,-0.000146
86580,20160908,62.64000,0.007236,-0.002223
86580,20160909,59.52000,-0.049808,-0.024522
86580,20160912,60.75000,0.020665,0.014677
86580,20160913,59.87000,-0.014486,-0.014831
86580,20160914,60.40000,0.008853,-0.000588
86580,20160915,62.69000,0.037914,0.010109
86580,20160916,62.84000,0.002393,-0.003772
86580,20160919,63.67000,0.013208,-0.000019
86580,20160920,63.09000,-0.009109,0.000299
86580,20160921,64.86000,0.028055,0.010917
86580,20160922,65.02000,0.002467,0.006500
86580,20160923,64.95000,-0.001077,-0.005737
86580,20160926,64.34000,-0.009392,-0.008588
86580,20160927,66.54000,0.034193,0.006444
86580,20160928,66.78000,0.003607,0.005296
86580,20160929,67.40000,0.009284,-0.009321
86580,20160930,68.52000,0.016617,0.007968
86580,20161003,68.45000,-0.001022,-0.003261
86580,20161004,68.30000,-0.002191,-0.004956
86580,20161005,68.23000,-0.001025,0.004297
86580,20161006,67.34000,-0.013044,0.000482
86580,20161007,66.85000,-0.007276,-0.003253
86580,20161010,67.10000,0.003740,0.004606
86580,20161011,66.13000,-0.014456,-0.012447
86580,20161012,66.43000,0.004537,0.001147
86580,20161013,65.35000,-0.016258,-0.003099
86580,20161014,65.99000,0.009793,0.000202
86580,20161017,65.61000,-0.005758,-0.003038
86580,20161018,66.61000,0.015242,0.006160
86580,20161019,66.47000,-0.002102,0.002192
86580,20161020,67.73000,0.018956,-0.001376
86580,20161021,67.54000,-0.002805,-0.000084
86580,20161024,70.71000,0.046935,0.004750
86580,20161025,71.87000,0.016405,-0.003798
86580,20161026,72.16000,0.004035,-0.001740
86580,20161027,70.68000,-0.020510,-0.002987
86580,20161028,70.56000,-0.001698,-0.003108
86580,20161031,71.16000,0.008503,-0.000122
86580,20161101,69.05000,-0.029651,-0.006787
86580,20161102,68.76000,-0.004200,-0.006525
86580,20161103,67.96000,-0.011635,-0.004423
86580,20161104,67.57000,-0.005739,-0.001666
86580,20161107,71.27000,0.054758,0.022224
86580,20161108,71.16000,-0.001543,0.003772
86580,20161109,69.96000,-0.016863,0.011077
86580,20161110,67.77000,-0.031304,0.001951
86580,20161111,87.97000,0.298067,-0.001398
86580,20161114,83.64000,-0.049221,-0.000116
86580,20161115,86.19000,0.030488,0.007481
86580,20161116,91.63000,0.063116,-0.001582
86580,20161117,92.39000,0.008294,0.004676
86580,20161118,93.36000,0.010499,-0.002387
86580,20161121,92.98000,-0.004070,0.007461
86580,20161122,93.65000,0.007206,0.002165
86580,20161123,93.97000,0.003417,0.000808
86580,20161125,94.16000,0.002022,0.003914
86580,20161128,94.11000,-0.000531,-0.005254
86580,20161129,93.25000,-0.009138,0.001335
86580,20161130,92.20000,-0.011260,-0.002653
86580,20161201,87.64000,-0.049458,-0.003516
86580,20161202,88.45000,0.009242,0.000397
86580,20161205,91.88000,0.038779,0.005821
86580,20161206,93.39000,0.016435,0.003411
86580,20161207,95.07000,0.017989,0.013163
86580,20161208,93.48000,-0.016724,0.002159
86580,20161209,91.82000,-0.017758,0.005939
86580,20161212,89.59000,-0.024287,-0.001137
86580,20161213,91.17000,0.017636,0.006540
86580,20161214,96.45000,0.057914,-0.008117
86580,20161215,98.71000,0.023432,0.003883
86580,20161216,100.41000,0.017222,-0.001751
86580,20161219,101.63000,0.012150,0.001975
86580,20161220,105.17000,0.034832,0.003638
86580,20161221,105.83000,0.006276,-0.002457
86580,20161222,107.11000,0.012095,-0.001863
86580,20161223,109.78000,0.024928,0.001252
86580,20161227,117.32000,0.068683,0.002248
86580,20161228,109.25000,-0.068786,-0.008357
86580,20161229,111.43000,0.019954,-0.000293
86580,20161230,106.74000,-0.042089,-0.004637
86580,20170103,102.01000,-0.044313,0.008487
86580,20170104,104.39000,0.023331,0.005722
86580,20170105,101.74000,-0.025386,-0.000771
86580,20170106,103.10000,0.013367,0.003517
86580,20170109,107.28000,0.040543,-0.003549
86580,20170110,106.47000,-0.007550,0.000000
86580,20170111,105.16000,-0.012304,0.002830
86580,20170112,103.44000,-0.016356,-0.002145
86580,20170113,103.43000,-0.000097,0.001850
86580,20170117,101.11000,-0.022431,-0.002968
86580,20170118,102.95000,0.018198,0.001764
86580,20170119,105.16000,0.021467,-0.003609
86580,20170120,104.01000,-0.010936,0.003366
86580,20170123,105.09000,0.010384,-0.002690
86580,20170124,107.33000,0.021315,0.006565
86580,20170125,107.79000,0.004286,0.008026
86580,20170126,109.65000,0.017256,-0.000735
86580,20170127,111.77000,0.019334,-0.000866
86580,20170130,110.02000,-0.015657,-0.006010
86580,20170131,109.18000,-0.007635,-0.000890
86580,20170201,113.95000,0.043689,0.000298
86580,20170202,115.39000,0.012637,0.000570
86580,20170203,114.38000,-0.008753,0.007265
86580,20170206,117.31000,0.025616,-0.002115
86580,20170207,119.13000,0.015514,0.000227
86580,20170208,118.61000,-0.004365,0.000693
86580,20170209,116.38000,-0.018801,0.005752
86580,20170210,113.62000,-0.023715,0.003566
86580,20170213,108.38000,-0.046119,0.005246
86580,20170214,108.78000,0.003691,0.004007
86580,20170215,109.00000,0.002022,0.004992
86580,20170216,107.25000,-0.016055,-0.000864
86580,20170217,107.23000,-0.000186,0.001679
86580,20170221,111.07000,0.035811,0.006048
86580,20170222,110.76000,-0.002791,-0.001082
86580,20170223,100.49000,-0.092723,0.000419
86580,20170224,101.46000,0.009653,0.001493
86580,20170227,104.41000,0.029076,0.001018
86580,20170228,101.48000,-0.028062,-0.002578
86580,20170301,102.79000,0.012909,0.013674
86580,20170302,99.00000,-0.036871,-0.005860
86580,20170303,98.43000,-0.005758,0.000504
86580,20170306,97.67000,-0.007721,-0.003277
86580,20170307,98.74000,0.010955,-0.002913
86580,20170308,98.56000,-0.001823,-0.002284
86580,20170309,98.54000,-0.000203,0.000800
86580,20170310,99.12000,0.005886,0.003269
86580,20170313,101.85000,0.027542,0.000367
86580,20170314,101.78000,-0.000687,-0.003379
86580,20170315,102.55000,0.007565,0.008375
86580,20170316,103.81000,0.012287,-0.001627
86580,20170317,106.07000,0.021771,-0.001314
86580,20170320,109.45000,0.031866,-0.002010
86580,20170321,105.91000,-0.032343,-0.012408
86580,20170322,108.07000,0.020395,0.001890
86580,20170323,107.09000,-0.009068,-0.001060
86580,20170324,107.47000,0.003548,-0.000844
86580,20170327,108.25000,0.007258,-0.001020
86580,20170328,107.69000,-0.005173,0.007251
86580,20170329,107.34000,-0.003250,0.001085
86580,20170330,109.40000,0.019191,0.002935
86580,20170331,108.93000,-0.004296,-0.002255
86580,20170403,108.38000,-0.005049,-0.001642
86580,20170404,100.78000,-0.070124,0.000560
86580,20170405,100.03000,-0.007442,-0.003055
86580,20170406,100.76000,0.007298,0.001929
86580,20170407,100.33000,-0.004268,-0.000827
86580,20170410,97.77000,-0.025516,0.000688
86580,20170411,98.12000,0.003580,-0.001434
86580,20170412,97.31000,-0.008255,-0.003760
86580,20170413,95.49000,-0.018703,-0.006815
86580,20170417,99.23000,0.039166,0.008613
86580,20170418,99.29000,0.000605,-0.002903
86580,20170419,99.68000,0.003928,-0.001716
86580,20170420,101.26000,0.015851,0.007557
86580,20170421,101.68000,0.004148,-0.003035
86580,20170424,102.95000,0.012490,0.010840
86580,20170425,104.74000,0.017387,0.006091
86580,20170426,104.02000,-0.006874,-0.000486
86580,20170427,105.64000,0.015574,0.000553
86580,20170428,104.30000,-0.012685,-0.001913
86580,20170501,106.64000,0.022435,0.001732
86580,20170502,103.48000,-0.029632,0.001189
86580,20170503,104.25000,0.007441,-0.001271
86580,20170504,103.85000,-0.003837,0.000582
86580,20170505,103.86000,0.000096,0.004089
86580,20170508,102.77000,-0.010495,0.000038
86580,20170509,102.94000,0.001654,-0.001025
86580,20170510,121.29000,0.178259,0.001131
86580,20170511,126.50000,0.042955,-0.002163
86580,20170512,127.89000,0.010988,-0.001478
86580,20170515,134.31000,0.050199,0.004776
86580,20170516,136.81000,0.018614,-0.000687
86580,20170517,127.72000,-0.066442,-0.018178
86580,20170518,133.07001,0.041889,0.003687
86580,20170519,136.00000,0.022018,0.006767
86580,20170522,138.89999,0.021323,0.005160
86580,20170523,137.03000,-0.013463,0.001838
86580,20170524,138.57001,0.011238,0.002489
86580,20170525,138.25999,-0.002237,0.004442
86580,20170526,141.84000,0.025893,0.000311
86580,20170530,144.87000,0.021362,-0.001205
86580,20170531,144.35001,-0.003589,-0.000460
86580,20170601,144.36000,0.000069,0.007571
86580,20170602,143.64000,-0.004988,0.003708
86580,20170605,148.00999,0.030423,-0.001218
86580,20170606,147.34000,-0.004527,-0.002779
86580,20170607,149.12000,0.012081,0.001568
86580,20170608,159.94000,0.072559,0.000267
86580,20170609,149.60001,-0.064649,-0.000830
86580,20170612,149.97000,0.002473,-0.000979
86580,20170613,151.39999,0.009535,0.004511
86580,20170614,151.72000,0.002114,-0.000996
86580,20170615,152.37000,0.004284,-0.002240
86580,20170616,151.62000,-0.004922,0.000284
86580,20170619,157.32001,0.037594,0.008347
86580,20170620,157.09000,-0.001462,-0.006697
86580,20170621,159.47000,0.015151,-0.000583
86580,20170622,158.37000,-0.006898,-0.000456
86580,20170623,153.83000,-0.028667,0.001561
86580,20170626,152.14999,-0.010921,0.000316
86580,20170627,146.58000,-0.036609,-0.008073
86580,20170628,151.75000,0.035271,0.008808
86580,20170629,146.67999,-0.033410,-0.008600
86580,20170630,144.56000,-0.014453,0.001533
86580,20170703,139.33000,-0.036179,0.002311
86580,20170705,143.05000,0.026699,0.001453
86580,20170706,143.48000,0.003006,-0.009369
86580,20170707,146.75999,0.022860,0.006403
86580,20170710,153.70000,0.047288,0.000928
86580,20170711,155.88000,0.014184,-0.000783
86580,20170712,162.50999,0.042533,0.007306
86580,20170713,160.63000,-0.011568,0.001875
86580,20170714,164.95000,0.026894,0.004674
86580,20170717,164.25000,-0.004244,-0.000053
86580,20170718,165.96001,0.010411,0.000598
86580,20170719,165.10001,-0.005182,0.005373
86580,20170720,167.50000,0.014537,-0.000154
86580,20170721,168.10001,0.003582,-0.000368
86580,20170724,166.14999,-0.011600,-0.001064
86580,20170725,165.35001,-0.004815,0.002923
86580,20170726,167.25999,0.011551,0.000283
86580,20170727,161.74001,-0.033002,-0.000973
86580,20170728,164.39000,0.016384,-0.001341
86580,20170731,162.50999,-0.011436,-0.000728
86580,20170801,164.49001,0.012184,0.002449
86580,20170802,164.39000,-0.000608,0.000493
86580,20170803,166.48000,0.012714,-0.002184
86580,20170804,167.21001,0.004385,0.001889
86580,20170807,172.35001,0.030740,0.001647
86580,20170808,170.30000,-0.011894,-0.002414
86580,20170809,172.11000,0.010628,-0.000364
86580,20170810,164.74001,-0.042821,-0.014474
86580,20170811,155.96001,-0.053296,0.001276
86580,20170814,168.39999,0.079764,0.010044
86580,20170815,166.98000,-0.008432,-0.000499
86580,20170816,165.14999,-0.010959,0.001420
86580,20170817,161.47000,-0.022283,-0.015437
86580,20170818,161.50000,0.000186,-0.001835
86580,20170821,159.14999,-0.014551,0.001163
86580,20170822,162.55000,0.021364,0.009941
86580,20170823,165.80000,0.019994,-0.003454
86580,20170824,165.19000,-0.003679,-0.002074
86580,20170825,163.81000,-0.008354,0.001673
86580,20170828,164.97000,0.007081,0.000487
86580,20170829,164.70000,-0.001637,0.000843
86580,20170830,165.67999,0.005950,0.004615
86580,20170831,169.44000,0.022694,0.005721
86580,20170901,170.46001,0.006020,0.001982
86580,20170905,165.91000,-0.026692,-0.007551
86580,20170906,165.81000,-0.000603,0.003129
86580,20170907,166.58000,0.004644,-0.000178
86580,20170908,163.69000,-0.017349,-0.001489
86580,20170911,169.00000,0.032439,0.010839
86580,20170912,169.61000,0.003609,0.003364
86580,20170913,170.37000,0.004481,0.000757
86580,20170914,169.39999,-0.005693,-0.001101
86580,20170915,180.11000,0.063223,0.001847
86580,20170918,187.55000,0.041308,0.001456
86580,20170919,187.35001,-0.001066,0.001110
86580,20170920,185.84000,-0.008060,0.000634
86580,20170921,180.75999,-0.027335,-0.003046
86580,20170922,179.00000,-0.009737,0.000648
86580,20170925,171.00000,-0.044693,-0.002222
86580,20170926,171.96001,0.005614,0.000072
86580,20170927,175.73000,0.021924,0.004085
86580,20170928,175.67999,-0.000285,0.001205
86580,20170929,178.77000,0.017589,0.003705
86580,20171002,179.00000,0.001287,0.003874
86580,20171003,179.37000,0.002067,0.002159
86580,20171004,180.87000,0.008363,0.001247
86580,20171005,180.77000,-0.000553,0.005647
86580,20171006,181.30000,0.002932,-0.001074
86580,20171009,185.39000,0.022559,-0.001804
86580,20171010,188.92999,0.019095,0.002322
86580,20171011,190.94000,0.010639,0.001803
86580,20171012,191.03000,0.000471,-0.001687
86580,20171013,194.59000,0.018636,0.000878
86580,20171016,197.92999,0.017164,0.001751
86580,20171017,197.75000,-0.000909,0.000672
86580,20171018,197.58000,-0.000860,0.000742
86580,20171019,197.80000,0.001113,0.000328
86580,20171020,196.89999,-0.004550,0.005117
86580,20171023,196.62000,-0.001422,-0.003972
86580,20171024,198.67999,0.010477,0.001618
86580,20171025,193.66000,-0.025267,-0.004663
86580,20171026,195.69000,0.010482,0.001271
86580,20171027,201.86000,0.031529,0.008073
86580,20171030,203.84000,0.009809,-0.003192
86580,20171031,206.81000,0.014570,0.000944
86580,20171101,207.20000,0.001886,0.001592
86580,20171102,205.94000,-0.006081,0.000190
86580,20171103,208.69000,0.013353,0.003097
86580,20171106,209.63000,0.004504,0.001271
86580,20171107,212.03000,0.011449,-0.000189
86580,20171108,209.16000,-0.013536,0.001444
86580,20171109,205.32001,-0.018359,-0.003762
86580,20171110,216.14000,0.052698,-0.000898
86580,20171113,212.63000,-0.016239,0.000984
86580,20171114,214.17999,0.007290,-0.002310
86580,20171115,209.98000,-0.019610,-0.005526
86580,20171116,211.61000,0.007763,0.008196
86580,20171117,211.36000,-0.001181,-0.002626
86580,20171120,214.08000,0.012869,0.001276
86580,20171121,216.05000,0.009202,0.006541
86580,20171122,214.92999,-0.005184,-0.000750
86580,20171124,216.96001,0.009445,0.002056
86580,20171127,214.14000,-0.012998,-0.000384
86580,20171128,210.71001,-0.016018,0.009848
86580,20171129,196.42000,-0.067818,-0.000369
86580,20171130,200.71001,0.021841,0.008191
86580,20171201,197.67999,-0.015096,-0.002024
86580,20171204,186.66000,-0.055747,-0.001052
86580,20171205,187.74001,0.005786,-0.003739
86580,20171206,189.25999,0.008096,-0.000114
86580,20171207,191.99001,0.014425,0.002932
86580,20171208,191.49001,-0.002604,0.005506
86580,20171211,194.66000,0.016554,0.003202
86580,20171212,190.84000,-0.019624,0.001549
86580,20171213,186.17999,-0.024418,-0.000473
86580,20171214,186.47000,0.001558,-0.004071
86580,20171215,191.56000,0.027297,0.008974
86580,20171218,197.89999,0.033097,0.005363
86580,20171219,196.11000,-0.009045,-0.003230
86580,20171220,196.80000,0.003518,-0.000828
86580,20171221,195.89000,-0.004624,0.001986
86580,20171222,195.27000,-0.003165,-0.000458
86580,20171226,197.44000,0.011113,-0.001058
86580,20171227,197.17000,-0.001368,0.000791
86580,20171228,197.39999,0.001166,0.001834
86580,20171229,193.50000,-0.019757,-0.005183
