Date,AAL,AAPL,ADBE,ADI,ADP,ADSK,AKAM,ALXN,AMAT,AMGN
2015-01-02,52.621213946556,104.28537987877,72.34,52.039225384087,78.509544513194,59.53,63.25,186.6,23.935734191817,150.55730378597
2015-01-05,52.587050665381,101.34749485154,71.98,51.088202449899,78.452988231878,58.66,61.94,182.17,23.168563224131,148.76820579865
2015-01-06,51.772012385927,101.3570334393,70.53,49.893567729612,77.797877973304,57.5,60.67,177.95,22.295906248387,143.97530645366
2015-01-07,51.742729573491,102.77828301415,71.11,50.41827003813,78.481266372536,57.38,60.16,187.93,22.502083445953,149.00361342856
2015-01-08,52.377190509593,106.72725834296,72.915,51.308390025794,80.281641327755,58.8,61.57,183.8,23.221306228159,148.46688403236
2015-01-09,50.776396763121,106.84172139597,71.84,51.270911289472,79.706652467711,58.27,60.78,184.27,23.245280320899,146.64012082425
2015-01-12,48.394728018368,104.20907117676,71.12,50.755578665034,79.315471521944,57.29,60.75,183.36,22.689081369327,147.10151977888
2015-01-13,49.195124891605,105.13431418859,70.59,50.174658252032,79.159941748325,57.34,60.79,179.21,22.372623345156,146.08455881766
2015-01-14,48.228792081234,104.73369350305,69.99,50.13717951571,78.929003599619,56.41,59.71,175.4,22.075344595177,146.10339142805
2015-01-15,48.228792081234,101.89119435334,70.29,49.406344157417,78.896012435518,55.71,58.63,172.87,22.367828526608,143.05250854441
2015-01-16,48.619229580374,101.09949157003,71.73,50.305833829162,79.716078514597,56.85,59.22,180.44,22.506878264501,149.18252322729
2015-01-20,51.488945199051,103.70352602598,71.49,50.961711714809,80.093120390036,57.1,59.65,183.06,22.660312458038,148.40096989599
2015-01-21,52.386951447072,104.49522880929,71.54,51.139735712342,79.706652467711,57.55,60.265,179.26,23.321997417668,148.19381118166
2015-01-22,54.261051442943,107.21372631825,73.48,51.299020341714,81.638992079334,58.27,60.64,180.32,23.60968653055,150.25598201969
2015-01-23,54.358660817727,107.76696440779,74.06,51.074147923778,81.865217204597,58.19,61.02,183.32,23.12061503865,150.4819733444
2015-01-26,54.124398318244,107.8814274608,72.74,51.214693184988,81.60128789179,58.23,61.17,182.76,23.245280320899,150.40664290283
2015-01-27,51.435260042919,104.10414671151,71.46,50.00600393858,80.715239484509,56.15,60.29,180.36,22.602774635462,149.61567326633
2015-01-28,49.409865516132,109.98945535371,70.25,49.58905299699,79.678374327053,54.59,58.99,177.78,22.415776712088,145.61374355784
2015-01-29,50.991137387647,113.41380835622,71.64,49.874828361451,79.508705483106,55.36,59.95,188.05,22.650722820942,147.24276435682
2015-01-30,47.906681144444,111.75409408759,70.13,48.820738902374,77.793164949861,54.005,58.155,183.24,21.902731127448,143.37266292108
2015-02-02,47.555287395218,113.15626648695,71.11,48.998762899907,78.650935216483,54.115,58.49,178.17,21.917115583092,143.5986542458
2015-02-03,46.364453022842,113.17534366245,71.92,50.568184983421,80.253363187097,54.92,60.115,177.51,22.487698990309,143.3444140055
2015-02-04,48.277596768626,114.04335514777,72.28,50.390160985888,81.610713938676,56.44,59.95,178.29,22.650722820942,142.60994220017
2015-02-05,47.740745207309,114.85413510658,73.1,51.486414023327,82.166850704948,56.23,60.49,178.17,22.976770482209,144.40845649269
2015-02-06,47.09031300975,113.88696254982,72.54,51.537947285771,81.478749282273,57.07,61.13,175.63,23.240485502351,142.56286067419
2015-02-09,45.510691958535,114.6434638566,72.33,51.116311502141,81.073429266176,57.34,60.96,171.42,22.545236812885,141.25399425188
2015-02-10,46.997394124385,116.84593601555,72.76,52.039225384087,81.55415765736,58.5,62.21,176.39,23.283638869284,144.40845649269
2015-02-11,46.547471100509,119.58466226538,73.01,52.114182856733,81.836939063939,58.3,63.75,173.5,23.264459595091,144.91956986037
2015-02-12,46.831118224257,121.09766487893,74.59,53.140163263567,82.708848400891,59.07,67.59,176.27,23.149383949938,144.98582529692
2015-02-13,47.32994592464,121.69137476525,76.51,53.45404768027,83.65616611293,60.67,68.77,182.29,23.226101046707,145.26977716785
2015-02-17,46.958270383178,122.40957220839,77.13,55.103112078469,82.110294423632,61.13,70.36,178.97,23.235730441834,145.98912190754
2015-02-18,48.229791972391,123.25704519129,77.73,54.700215663,82.562744674158,61.11,70.29,180.29,23.206842256453,147.44674151165
2015-02-19,48.689495931568,123.00328209472,77.73,54.953197133178,82.694709330562,61.46,71.56,182.28,24.006082052007,147.70229819548
2015-02-20,49.902331908972,124.00397053216,78.55,55.402941969051,83.594896808171,62.37,71.62,186.02,24.19866995455,149.22617323614
2015-02-23,50.185979032719,127.36034658309,78.1,55.262396707841,84.052060082141,61.95,70.24,184.14,23.986823261753,149.94551797583
2015-02-24,50.391378674054,126.56554141268,77.68,55.852686804923,84.136894504114,62.07,70.12,182.29,24.420146042475,148.95168642758
2015-02-25,48.64059125506,123.32886493561,78.07,55.646553755149,83.957799613281,62.01,69.45,184.9,24.169781769169,149.62370585544
2015-02-26,48.268915713598,124.88495939574,78.96,55.542788355707,83.741000534904,61.01,69.555,183.11,23.986823261753,150.46609640587
2015-02-27,46.85068009486,123.01285806063,79.1,55.222058939251,83.741000534904,64.24,69.51,180.37,24.121634793533,149.28296361033
2015-03-02,47.251698442227,123.61614391286,79.79,56.387061378437,85.004090817623,64.0,71.13,184.62,24.680139710908,151.09079052192
2015-03-03,47.701621466103,123.87469499239,78.99,55.410723301872,83.6090358785,62.7,69.86,182.51,23.577573968848,150.07802884893
2015-03-04,47.877678301532,123.0894657879,77.63,55.089993885416,81.606000915233,62.52,71.05,182.53,23.370541973614,150.67432777788
2015-03-05,47.334836392291,121.04978504938,78.62,55.137159976071,81.770956735737,62.95,71.09,185.79,23.28387741747,151.06239533482
2015-03-06,46.943598980225,121.23172840165,77.55,54.646632633256,81.059290195847,61.74,69.96,181.65,23.023883749037,146.59488589886
2015-03-09,46.870241965463,121.74883056071,77.93,55.146593194202,81.855791157711,61.76,69.6,184.91,23.197212861326,146.71793170959
2015-03-10,45.711201132219,119.23035152677,76.005,53.958007709688,80.262789233983,59.64,69.2,181.28,22.63870794395,145.36442779149
2015-03-11,46.351852394476,117.05660726554,76.01,54.042906672868,80.569135757777,59.88,70.36,178.81,22.585746270751,144.53150230343
2015-03-12,47.613593048388,119.17289573132,77.4,54.250437471751,81.901131236269,60.14,71.02,178.0,22.889072217257,145.9985869699
2015-03-13,48.141763554677,118.34936266319,77.62,54.269303908013,81.417631098169,60.48,70.81,176.89,23.341653788233,146.00805203227
2015-03-16,49.119857084841,119.65169402674,78.33,55.462606001593,82.811249143282,61.5,72.08,178.5,23.659423827429,154.30891172579
2015-03-17,52.51384163451,121.65307090162,79.66,55.429589738134,82.138141107887,61.43,72.06,184.12,23.307950905288,154.34677197525
2015-03-18,52.944202787782,123.02243402654,76.89,56.288012588061,82.811249143282,61.63,72.88,188.16,23.462021227322,157.63114861567
2015-03-19,53.980981929756,122.08877735046,77.14,56.599308786386,82.830209933011,61.0,72.75,189.07,23.187583466198,160.06366964331
2015-03-20,54.53849524195,120.56141078805,77.36,57.60866312641,83.2094257276,60.98,72.87,187.71,23.226101046707,161.00071081738
2015-03-23,53.203397573276,121.81586232206,76.35,56.976637511629,82.768587366391,60.83,73.14,185.44,23.0816601198,157.63114861567
2015-03-24,52.748584081749,121.31791209482,75.45,56.938904639104,82.446253940991,61.07,72.61,183.44,23.009439656346,157.12950031036
2015-03-25,50.870644503834,118.14826737911,73.13,54.297603562406,80.336866083591,59.35,70.645,175.63,21.786506475197,152.02783169598
2015-03-26,50.141964823862,118.97180044724,72.97,54.160821899506,80.024013053056,58.72,71.035,176.04,21.569845084836,151.96157625943
2015-03-27,51.506405298441,118.0237798223,73.31,55.505055483183,80.23258174008,58.72,71.29,180.59,21.983909075304,153.89244898176
2015-03-30,52.464936958002,121.01148118575,73.6,61.136686707428,81.427111493034,59.3,71.9,180.26,21.926132704541,155.51570717724
2015-03-31,51.623776522061,119.1537437995,73.94,59.429274225705,81.190101621416,58.64,71.045,173.3,21.72391540687,151.29902189393
2015-04-01,49.335037661477,118.98137641315,75.07,59.02364584607,80.829846616557,58.74,70.31,169.5,21.560215689709,148.69612974374
2015-04-02,48.097749345819,120.00600476536,75.68,58.712349647744,81.455552677628,59.82,70.84,169.94,21.444662948183,147.54139213529
2015-04-06,47.026736930289,121.94992584478,76.23,59.221743426822,81.768405708163,59.71,70.92,170.63,21.338739601784,146.97348839343
2015-04-07,46.454552215143,120.66674641304,75.65,59.655671460851,81.393930111007,60.685,71.08,176.0,21.170225187059,148.8665008663
2015-04-08,47.672278660198,120.2741318108,75.44,60.061299840487,82.071778343834,61.825,71.79,178.24,21.550586294581,151.75334488742
2015-04-09,46.79199448305,121.19342453801,76.33,60.400895693205,82.100219528428,62.81,71.26,177.37,21.675768431235,152.85129212168
2015-04-10,46.684404194732,121.71052669707,76.53,60.594276664892,81.853729261946,62.74,71.45,182.68,21.666139036107,154.64018890854
2015-04-13,46.743089806542,121.47112754936,76.02,60.136765585535,81.455552677628,61.77,71.34,182.9,21.502439318946,153.79779835812
2015-04-14,46.381195200381,120.94444942439,75.95,59.02364584607,81.171140831686,62.01,71.145,182.72,21.372442484729,153.87351885703
2015-04-15,46.703966065335,121.404095788,76.03,60.301846902829,81.303866359792,61.505,71.34,183.83,21.714286011743,156.61838694269
2015-04-16,47.183231895116,120.81996186758,75.15,60.471644829188,80.943611354933,61.66,72.49,184.28,21.069116538224,157.9434956737
2015-04-17,47.134327218607,119.46017470857,73.15,59.82546938721,79.189738304961,60.35,71.9,181.34,20.693570128264,154.82949015583
2015-04-20,48.669934060965,122.1893249925,73.92,60.108465931142,80.39374845278,61.04,73.46,185.71,20.953563796698,157.09164006091
2015-04-21,50.234883709228,121.52858334481,74.62,60.721625109661,80.678160298721,61.61,75.3,186.78,21.463921738437,159.44844058963
2015-04-22,50.274007450434,123.16607351516,75.5,60.834823727234,80.87724859088,62.13,76.02,188.19,21.483180528691,160.05420458094
2015-04-23,50.322912126942,124.17154993556,76.52,59.985834095438,81.308606557225,62.75,76.27,184.58,21.348368996911,160.12046001749
2015-04-24,51.550419507298,124.75568385598,76.54,58.985912973545,80.578616152642,62.64,75.74,180.08,20.992081377206,158.92786215959
2015-04-27,50.733711409611,127.02518777629,76.55,59.11797802738,80.298944504133,60.6,77.04,174.75,19.229902068936,153.69368267211
2015-04-28,50.0686078091,125.02381090141,76.02,59.636805024589,81.161660436822,60.66,76.07,171.08,19.297307834826,153.79779835812
2015-04-29,47.809211754421,123.18522544698,76.65,59.259476299346,80.953091749798,59.54,75.13,173.61,19.268419649445,152.3685739411
2015-04-30,47.325055456989,119.84321334491,76.06,58.335020922502,80.147258186297,56.83,73.78,169.23,19.056572956647,149.46279979525
2015-05-01,48.408087170357,123.48208039014,76.43,59.683971115244,81.55983702114,57.585,74.66,172.5,19.239531464063,151.78174007451
2015-05-04,47.976834723406,123.24268124243,75.85,59.665104678982,82.005415579781,57.755,75.1,171.3,19.143237512792,153.43812598827
2015-05-05,46.070502884038,120.46565112897,75.0,58.264271786519,81.161660436822,56.74,75.36,168.55,18.642508966179,150.91095433699
2015-05-06,46.109707651943,119.70914982219,74.48,58.146356559881,80.972052539527,56.19,75.04,155.01,18.72435882476,150.44716628114
2015-05-07,48.084647835144,120.44649919715,74.73,58.523685285123,81.811067485055,56.35,75.24,162.96,18.835096868723,149.45333473289
2015-05-08,48.065045451191,122.71580893773,76.31,59.165144118036,82.811249143282,57.265,76.43,163.02,18.960279005376,153.65582242265
2015-05-11,48.65801756575,121.46576543656,76.785,59.089678372987,82.678523615176,57.45,76.1,161.04,19.1817550933,152.43482937765
2015-05-12,47.878822803644,121.02825021115,76.57,58.561418157647,82.251905846264,56.8,75.97,161.08,19.152866907919,150.52288678006
2015-05-13,47.525979892501,121.16767814013,77.08,58.712349647744,81.825288077352,58.69,76.12,159.41,19.191384488428,150.66557151853
2015-05-14,47.844518631727,123.99469959662,79.43,59.806602950948,83.417994414624,58.98,78.36,161.69,19.123978722537,154.08049292615
2015-05-15,47.697500752084,123.8216166503,78.92,59.594355542999,83.2094257276,58.8,77.96,160.56,19.451378156861,154.44196093029
2015-05-18,48.025840683286,125.18704878235,79.41,59.768870078424,82.934494276523,58.4,77.94,163.16,19.441748761734,155.46929104735
2015-05-19,46.898703606026,125.07166015147,79.62,59.853769041603,83.332670860841,57.52,77.3,161.96,19.345454810462,155.58343883813
2015-05-20,42.203932649435,125.06204443223,79.61,62.429037591384,82.8870923022,57.58,76.91,164.44,19.268034280955,155.98295610587
2015-05-21,41.62566232284,126.34093509112,80.56,61.77814554034,82.735405984364,57.51,77.64,168.57,19.500295869475,155.84978368329
2015-05-22,41.762879010507,127.44674280369,80.04,63.292177050376,82.308788215452,56.39,77.66,171.94,19.490618303287,155.60246346993
2015-05-26,40.72885325702,124.63895278568,79.365,63.061063206165,80.981532934392,55.085,76.925,165.94,19.345454810462,151.25533510425
2015-05-27,41.400234907388,126.97076470132,80.16,64.796775342281,81.446072282763,55.49,77.74,168.12,19.684169627053,152.61559627776
2015-05-28,41.135602724031,126.71594814147,80.015,64.815752286297,81.502954651951,54.55,77.03,166.19,19.70352475943,149.67629066508
2015-05-29,41.527650403078,125.27359025551,79.09,64.483655766019,81.066856488175,54.15,76.27,163.84,19.480940737099,148.63944823212
2015-06-01,43.301666150767,125.51879109612,79.87,65.233245054647,80.867768196016,54.39,75.23,164.78,19.655136928488,149.37189655632
2015-06-02,42.904717875732,124.96588723983,79.82,64.24644396582,81.009974118986,54.35,75.46,163.91,19.718041108713,148.8106699183
2015-06-03,42.272540993268,125.11973874767,80.13,63.847928141486,81.024194711283,54.94,76.02,161.53,19.70352475943,149.46701971531
2015-06-04,41.331626563555,124.38894408545,78.75,63.515831621208,79.71116002252,53.73,75.14,159.06,19.41319777378,150.38020204158
2015-06-05,40.890572924627,123.70622801943,78.86,63.92383591755,79.881807130085,54.61,75.24,160.26,19.500295869475,149.58116750609
2015-06-08,39.067551217057,122.88889188405,78.16,62.576472892421,79.161297120367,54.24,74.89,159.38,19.229324016202,148.839206866
2015-06-09,39.523306643949,122.52349455294,77.9,62.329772620214,78.838963694967,53.92,72.9,159.04,19.268034280955,147.25065011092
2015-06-10,39.626219159699,123.92738956194,79.56,64.255932437828,80.265763122106,54.97,74.61,169.88,19.393842641404,147.96407380332
2015-06-11,39.224370288676,123.64853370399,79.65,63.78150883743,80.690096529761,54.48,74.05,168.77,19.142225920507,150.25654193489
2015-06-12,39.895751939044,122.28310157194,79.86,62.870615524667,79.955856700785,54.06,73.44,169.04,18.987384861494,148.50627580954
2015-06-15,39.273376248557,122.04270859095,78.9,63.288108293017,79.069047556698,53.56,72.5,173.22,19.074482957189,148.48725117775
2015-06-16,38.695105921962,122.69657749925,79.94,63.221688988961,79.407560724602,53.435,72.85,177.14,19.180936185261,148.61091128443
2015-06-17,39.087153601009,122.40810592206,77.91,63.790997309438,79.407560724602,53.575,72.81,179.81,18.909964331987,148.05919696231
2015-06-18,39.180264924783,122.96581763796,79.39,64.806263814289,80.651954200983,54.165,73.27,184.01,19.200291317637,152.311202169
2015-06-19,40.733753853008,121.73500557528,79.7,64.436213405979,80.489849303677,53.57,72.29,184.4,19.084160523377,152.88194112292
2015-06-22,42.174529073506,122.70619321849,82.28,64.540586598066,81.052448653151,54.55,73.01,188.24,19.219646450014,154.30878850771
2015-06-23,41.875592718233,122.14848150259,83.55,64.075651469677,80.833130262678,54.09,72.23,190.92,19.316422111897,153.80463576509
2015-06-24,41.400234907388,123.18697918048,83.4,63.420946901128,79.746073892507,53.91,71.325,184.98,19.451908038534,152.09241890333
2015-06-25,41.400234907388,122.60042030685,83.94,63.18373510093,79.479077591061,53.3,71.37,185.9,19.41319777378,151.01752720678
2015-06-26,40.616139549294,121.87924136387,82.74,62.434145812302,79.440935262283,52.2,71.13,184.45,19.142225920507,150.31361583029
2015-06-29,38.959738105319,119.74455169265,81.28,60.716732378863,77.152395535606,50.41,69.18,177.76,18.590604647773,144.20670902336
2015-06-30,39.141060156878,120.6051585646,81.01,60.901757583018,76.50397594638,50.075,69.82,180.77,18.600282213961,146.0330736759
2015-07-01,38.028624867582,121.73500557528,80.945,61.267063755324,77.133324371217,50.385,70.37,183.86,18.880931633422,147.431384113
2015-07-02,38.254052283034,121.58115406744,80.75,61.086782787173,77.07611087805,50.83,69.91,185.22,18.977707295306,145.78575346253
2015-07-06,38.940135721367,121.15806242089,80.5,60.337193498545,77.07611087805,50.95,69.76,186.24,18.648670044903,146.96528063396
2015-07-07,39.866348363116,120.85997512446,80.59,60.137935586378,77.304964850717,53.29,70.11,187.33,18.551894383019,147.81187674894
2015-07-08,38.528485658367,117.85987072166,79.99,58.771595617234,76.313264302491,52.475,68.855,184.66,17.951885279343,144.88208345216
2015-07-09,38.88132856951,115.45594091172,80.47,57.775306056399,76.942612727327,52.46,69.3,188.16,17.922852580778,143.9308518623
2015-07-10,40.390712133842,118.54258678768,80.59,58.363591320892,77.734066049469,52.51,69.98,192.53,18.164791735486,146.58478799802
2015-07-13,41.576656362959,120.83112796674,81.44,58.705176313178,77.934313275554,52.84,71.67,199.11,18.687380309656,148.16383243719
2015-07-14,41.223813451817,120.78304937054,81.89,59.416811713774,78.086882590666,53.3,72.29,205.0,18.280922529746,151.55021689711
2015-07-15,40.714151469055,121.94655139855,82.12,59.701465874013,78.668553104529,52.58,72.06,203.8,17.97124041172,152.62510859365
2015-07-16,40.567133589413,123.57160795007,82.52,59.616069625941,79.049976392309,52.5,72.63,204.26,17.293810778537,155.0887984114
2015-07-17,40.576934781389,124.63895278568,82.1,59.264996161647,78.56366170039,52.19,72.72,204.3,17.197035116654,155.30758167707
2015-07-20,39.743833463414,126.99480399942,82.09,58.819037977273,78.353878892111,51.85,73.48,204.46,17.197035116654,156.32539947822
2015-07-21,40.08687518258,125.72552905977,81.19,58.904434225345,77.62917464533,52.12,72.55,204.88,17.255100513784,155.71661126071
2015-07-22,40.606338357317,120.40803632019,80.73,55.649888326618,77.896170946776,52.0,72.75,206.16,16.926063263381,156.23978863514
2015-07-23,41.762879010507,120.35034200475,80.64,56.978274407731,77.181002282189,52.345,73.51,207.84,17.148647285712,156.09710389666
2015-07-24,38.842123801605,119.71570453493,80.98,55.498072774491,76.074874747628,51.78,72.52,200.99,16.809932469121,150.85581783651
2015-07-27,39.34198459239,118.05218510645,79.93,54.928764454014,76.017661254462,51.05,71.63,198.1,16.819610035309,157.46687738606
2015-07-28,40.351507365937,118.63874398008,80.59,55.972496374889,76.837721323188,50.89,73.65,203.55,17.051871623829,164.31574483308
2015-07-29,39.920254918985,118.26373092972,80.25,55.78272693473,78.515983789418,50.09,73.21,198.76,16.984128660511,163.10768071395
2015-07-30,39.469400088081,117.66755633686,81.29,55.811192350754,76.408620124436,50.6,74.96,199.29,17.003483792887,163.31695166372
2015-07-31,39.302779824485,116.63867437821,81.99,55.346257222364,76.065339165434,50.58,76.71,197.44,16.800254902933,167.97798645406
2015-08-03,40.880771732651,113.88857867564,81.4,55.668865270634,76.389548960047,53.3,75.75,195.73,16.606703579166,167.02675486419
2015-08-04,41.890294506197,110.23460536453,82.06,55.488584302483,76.933077145132,54.15,75.61,197.15,16.287343894951,166.2752819082
2015-08-05,42.105920729673,110.96540002675,83.38,57.595025088248,78.039204679693,54.11,76.03,197.94,16.480895218718,167.83530171558
2015-08-06,41.439439675293,111.20579300775,82.19,55.858634710793,76.570725021742,52.94,74.42,189.73,16.306699027328,161.3859515363
2015-08-07,40.761554104502,111.58249985455,82.69,56.560781639382,76.561189439547,53.03,74.53,189.62,16.432507387776,163.90671524944
2015-08-10,40.948218247184,115.63934282018,83.62,57.965075496558,77.810350707025,54.38,75.01,190.43,17.032516491452,162.28010923077
2015-08-11,41.950309960526,109.62169242117,83.9,56.342546783199,77.552889987774,54.06,72.96,186.31,16.780899770556,160.33959678745
2015-08-12,41.773470246407,111.31204365685,83.82,56.684131775485,77.762672796053,54.82,73.92,191.01,16.742189505803,162.29913386257
2015-08-13,41.92083667484,111.22511130758,84.31,55.981984846897,78.620875193557,54.61,73.84,188.83,16.500250351094,161.11009437524
2015-08-14,42.127149674646,112.00750245095,86.12,55.83016929477,79.135796632059,54.86,73.37,186.58,16.103470137373,160.28820161713
2015-08-17,43.178363530799,113.16660044113,86.77,56.456408447294,80.766381187317,55.4,73.57,191.22,16.480895218718,162.26647837212
2015-08-18,42.86398181681,112.52909654653,86.45,54.938252926022,80.756845605122,54.59,73.85,187.42,16.093792571185,160.28820161713
2015-08-19,42.765737531188,111.08988320873,85.48,55.393699582404,80.547062796844,54.32,73.06,184.96,16.00616756626,159.18915897546
2015-08-20,41.242951104049,108.81032382804,82.69,51.066956346779,78.868800330614,53.1,69.78,178.62,15.558306429978,154.00932322084
2015-08-21,39.052103534682,102.15516953443,78.87,51.029002458748,75.550417726932,51.76,68.04,173.81,15.071500847062,148.31341526927
2015-08-24,36.959500250937,99.605153956039,74.27,49.02693486507,72.737420979558,49.39,66.52,166.85,14.701528604047,141.09796140444
2015-08-25,36.841607108191,100.20402125096,74.57,48.021156832228,70.105600293879,48.17,65.63,165.44,14.448389700931,138.75652273307
2015-08-26,38.167904964086,105.95121545227,77.33,51.826034107415,74.18682947312,49.13,68.17,173.54,14.837834167263,147.15703127239
2015-08-27,38.344744678205,109.07112087583,78.91,53.986248734541,74.406147863593,50.0,70.5,179.82,15.519361983345,148.81993057369
2015-08-28,37.941943107155,109.42850942281,79.4,53.957573319137,74.768499986984,47.52,71.9,178.86,15.568042541636,148.9823977468
2015-08-31,38.295622535394,108.91657447714,78.57,53.393623482852,73.729121527784,46.75,71.31,172.19,15.66053560239,145.05451491443
2015-09-01,38.511759963762,104.04836291839,75.99,51.185616496719,71.612222280608,45.49,70.43,170.85,15.081236958721,140.92593733879
2015-09-02,40.781202961627,108.51089018058,77.25,52.179697564069,73.509803137311,45.99,71.27,176.24,15.266223080229,145.54191643377
2015-09-03,40.172088390771,106.6080376467,78.32,52.734088928552,73.948439918258,45.94,73.26,175.28,15.344111973495,142.6175073177
2015-09-04,39.887179962468,105.54553115571,76.89,51.577513840578,72.613458411029,45.37,72.58,171.98,14.983875842138,140.5054340672
2015-09-08,40.083668533711,108.48191273083,79.78,55.219291596927,74.568252760899,46.81,74.28,176.93,15.31490363852,147.71133103949
2015-09-09,40.280157104955,106.3955363485,78.52,53.785520826711,74.37754111701,46.16,73.35,171.76,15.052028623746,144.38553243689
2015-09-10,40.486470104761,108.7330506287,78.7,53.537000559873,74.770971537058,46.23,74.55,171.65,15.149389740329,146.35425229935
2015-09-11,41.409966389606,110.31715121528,79.19,53.861988601122,75.1452102293,46.3,74.67,171.93,15.090973070379,146.4211505471
2015-09-14,41.547508389477,111.37965770627,78.46,55.018563689097,74.6174377146,46.15,74.58,168.8,15.188334186962,144.3090772966
2015-09-15,41.891363389153,112.31659524833,79.53,55.725890602403,75.70177033571,46.62,75.2,169.03,15.499889760028,145.39856304573
2015-09-16,42.303989388765,112.44216419727,80.53,55.869267679425,76.373480808964,46.9,74.82,167.79,15.743292551486,144.48110136225
2015-09-17,43.217661245048,110.03703586765,80.31,55.37222714575,76.219946986506,46.78,74.64,167.99,15.597250876611,147.09013302464
2015-09-18,42.726439816939,109.5830558215,81.25,54.167859698768,75.816920702554,46.48,71.95,166.58,15.509625871686,143.91724470262
2015-09-21,42.471004674322,111.28306620709,83.32,54.129625811563,76.670952589976,47.41,72.09,160.51,15.227278633595,140.57233231495
2015-09-22,40.466821247637,109.5347600719,84.66,52.743647400354,75.989646252819,46.93,70.61,159.24,14.701528604047,139.46373278075
2015-09-23,40.515943390448,110.42340186438,85.5,52.762764343956,76.162371803084,46.92,70.54,159.63,14.21959107696,139.26303803749
2015-09-24,39.543324962791,111.08022405881,83.91,51.615747727783,76.36388494506,47.05,69.39,157.05,14.302348026056,137.15096478699
2015-09-25,39.533500534229,110.80010871118,83.13,52.036320487047,77.054787146121,46.97,70.55,149.25,14.214723021131,132.39163230396
2015-09-28,38.393866821016,108.60748167976,80.52,51.109148722307,75.442682010312,46.14,67.96,145.6,13.99079245299,126.38034689869
2015-09-29,38.492111106638,105.34268900742,79.83,51.663540086791,75.893687613783,45.24,67.5,147.75,14.16604246284,127.89033591941
2015-09-30,38.148256106961,106.20235335014,82.22,53.919339431931,77.054787146121,44.14,69.06,156.2,14.292611914398,132.0571410652
2015-10-01,38.511759963762,105.84496480317,83.75,52.514244077119,77.620943116435,43.14,68.96,157.82,14.282875802739,134.01630403512
2015-10-02,37.951767535717,106.61769679662,83.99,53.231129462227,78.071948719906,44.0,70.23,166.07,14.545750817514,136.15704796322
2015-10-05,39.484378391418,107.00406279335,85.84,54.894303555678,79.357794482992,44.29,72.12,163.42,14.701528604047,137.42811467054
2015-10-06,37.460546107608,107.51599773901,85.15,54.3781460784,79.108302021497,44.8,72.3,160.0,14.837834167263,134.9624363962
2015-10-07,38.619828677946,107.00406279335,80.65,55.314876314941,80.269401553836,45.9,73.55,164.78,14.983875842138,141.48979399842
2015-10-08,39.04227910612,105.76769160382,82.26,55.17149923792,81.679993547669,47.31,73.8,164.31,15.25648696857,143.25781911762
2015-10-09,41.675225960785,108.29838888238,83.82,54.186976642371,81.795143914513,51.57,73.46,161.08,15.237014745254,142.961555449
2015-10-12,43.070294816615,107.79611308664,83.92,54.081833452555,82.217361926272,51.55,72.82,159.86,15.188334186962,146.24912648145
2015-10-13,42.647844388442,107.97963693508,83.65,53.575234447079,81.718377003284,52.08,71.14,153.25,14.74047305068,141.04062004922
2015-10-14,43.030997102367,106.45349124801,83.8,58.297119516991,81.699185275477,51.37,70.28,152.66,15.032556400429,141.26042857755
2015-10-15,43.679409387471,108.04725098451,86.77,58.574315199233,82.495641979478,52.16,71.56,161.07,15.305167526862,145.78083874718
2015-10-16,42.942577245307,107.25520069122,88.67,57.532441772876,83.186544180539,52.04,70.95,160.72,15.412264755103,145.84773699493
2015-10-19,43.669584958909,107.92168203557,88.4,57.56111718828,83.77189187866,52.44,70.42,162.11,15.387924475957,147.62531900666
2015-10-20,44.003615530023,109.89214861888,86.84,57.733169680706,83.887042245503,52.0,71.92,159.02,15.762764774802,143.78344820711
2015-10-21,43.532042959038,109.88248946896,86.13,59.023563373901,83.915829837214,51.13,71.16,160.31,15.645931434903,143.43940007581
2015-10-22,45.182546957485,111.56318155472,88.46,60.600711221138,86.065303351627,52.59,72.53,166.76,15.782236998119,145.56103021884
2015-10-23,44.868165243495,115.02115722542,87.86,60.81099760077,86.871355919531,52.39,74.08,171.16,16.00616756626,148.8486012513
2015-10-26,45.65411952847,111.35068025652,88.84,58.813276994269,86.468329635579,53.61,75.37,170.01,15.899070338019,151.55320183904
2015-10-27,45.644295099908,110.64556231249,88.05,58.679458389049,86.679438641459,54.1,75.55,176.59,15.840653668069,154.80254530135
2015-10-28,45.054829386177,115.20468107386,88.5,59.128706563716,84.357239576781,55.5,62.91,177.41,16.103528682843,155.46197088635
2015-10-29,45.054829386177,116.42173396355,88.12,57.331713865045,84.789053452444,55.06,61.11,175.95,16.298250916009,153.46458034628
2015-10-30,45.408508814415,115.42684152198,88.66,57.465532470266,83.474420097648,55.19,60.82,176.0,16.327459250984,151.17092613759
2015-11-02,45.65411952847,117.04957870823,89.91,57.675818849897,83.474420097648,56.89,61.78,180.76,16.444292590884,155.11792275504
2015-11-03,45.781837099778,118.39220054686,90.36,57.981689947543,83.224927636153,57.93,63.11,177.67,16.551389819125,155.26127614309
2015-11-04,44.925273695976,117.84162900152,91.01,57.819195926919,83.445632505937,57.83,62.22,175.46,16.424820367567,154.70697637599
2015-11-05,44.895737026879,117.3007166061,90.55,57.6949357935,83.464824233744,63.49,61.7,173.44,16.366403697617,154.0762214686
2015-11-06,44.639752561375,117.43652623499,90.69,58.975771014893,84.08855538748,63.88,62.38,172.15,16.600070377417,153.34989763585
2015-11-09,43.960409172153,116.96119253389,89.8,58.268444101587,83.253715227864,63.51,61.83,172.64,16.366403697617,152.55667555534
2015-11-10,43.802880270304,113.27493117842,90.28,57.322155393244,83.436036642033,63.36,61.65,172.38,16.317723139326,151.35250709578
2015-11-11,43.704424706649,112.6346857851,91.21,57.255246090634,83.656741511816,62.12,61.42,169.54,16.346931474301,149.90941632281
2015-11-12,43.221992444737,112.25635896178,90.84,56.834673331371,82.735538577068,61.75,60.44,166.13,16.093792571185,145.04495802189
2015-11-13,42.778942408287,108.97752649297,89.02,55.563396581779,81.612822500344,60.45,58.57,166.44,16.785056498925,145.59255125326
2015-11-16,42.168517913624,110.75760270015,89.765,55.897943094829,83.023414494177,60.93,59.14,168.91,17.27186208184,148.42658639808
2015-11-17,41.64670342625,110.28711934294,90.29,56.681737782547,82.418875068249,61.25,58.73,171.21,17.442244035861,151.40472502484
2015-11-18,41.105197826145,113.77936694285,91.27,58.058157721955,83.00422276637,61.25,59.25,176.65,17.750653065964,154.59421542511
2015-11-19,41.64670342625,115.22476942171,91.76,57.130985957215,82.89866826343,62.39,59.21,174.48,17.819188405987,153.22042889728
2015-11-20,41.548247862594,115.72920518614,91.81,56.796439444165,83.762296014756,60.55,56.92,173.59,17.799606880266,153.62391864671
2015-11-23,41.64670342625,114.22559858062,91.96,54.292119832187,83.819871198178,62.71,56.95,175.97,17.750653065964,156.08328473848
2015-11-24,40.593228895137,115.32177629948,92.0,57.752286624309,83.205735908346,63.08,56.62,177.8,17.995422137475,156.38109860116
2015-11-25,40.671993346061,114.49721783839,91.77,57.589792603684,82.917859991237,62.92,57.68,182.24,18.063957477498,157.50510576029
2015-11-27,41.046124487952,114.28380270729,92.17,57.780962039713,83.186544180539,63.05,57.9,182.46,18.230400446125,157.09200911206
2015-11-30,40.622765564233,114.75913640839,91.46,58.908861712283,82.773922032683,63.47,57.61,178.44,18.377261889032,154.76713960343
2015-12-01,42.591876837342,113.82787038174,92.55,58.851510881475,84.021384340154,64.72,57.66,180.28,18.77868316631,155.61254669748
2015-12-02,43.143227993813,112.79959747732,92.02,58.440496594013,83.397653186419,64.55,56.07,176.58,18.729729352007,154.20993947327
2015-12-03,42.601722393708,111.75192319735,89.91,56.814476850123,81.81433564232,64.41,54.81,168.79,18.367471126171,148.57068988002
2015-12-04,44.27546697585,115.46728661615,92.58,56.968419547769,83.896638109407,65.29,56.615,175.76,18.631821723403,155.0841672637
2015-12-07,45.072957041459,114.73973503283,89.6,56.285298826963,83.100181405406,63.75,55.71,179.15,18.514332569078,152.07720794056
2015-12-08,43.861953608497,114.69123159394,91.72,55.823470734024,82.831497216105,63.96,55.1,188.72,18.55349562052,153.08593231414
2015-12-09,42.975853535598,112.159352084,89.56,54.505336385427,82.0254446482,63.25,53.27,183.16,18.631821723403,151.68332508992
2015-12-10,43.409058015682,112.69288991177,88.96,54.986407315572,82.517886988054,63.24,53.7,187.63,18.357680363311,153.39335307561
2015-12-11,41.439946742573,109.79238426628,91.42,54.774736106308,80.461216039252,61.1,51.81,188.06,17.936677560312,149.05103481982
2015-12-14,41.124888938876,109.11333612185,93.26,54.668900501676,81.68749402281,60.74,51.08,187.79,17.672326963081,151.89467686343
2015-12-15,41.937147339033,107.18289925412,94.02,54.409122199398,82.527542720208,61.09,51.755,186.21,18.073748240359,156.22258477103
2015-12-16,42.532803499149,108.00745771521,95.56,55.352021222482,83.232411167449,61.93,53.275,188.91,18.1129112918,158.11034038444
2015-12-17,41.804232328099,105.71809539971,94.2,53.995401199473,81.890264398044,60.74,52.59,185.79,17.682117725941,155.0841672637
2015-12-18,40.455391106019,102.85639250534,91.31,53.081366432198,80.412937378482,59.52,52.32,182.13,17.721280777383,152.55755288036
2015-12-21,41.745158989905,104.11748191642,91.62,53.716380059989,81.243330343726,60.16,52.675,185.07,18.132492817521,153.01868402256
2015-12-22,42.23251403,104.02047503864,93.82,53.894376304143,81.938543058814,60.985,52.975,187.07,18.362575744741,155.91996745895
2015-12-23,42.621413506439,105.35916995194,94.7,54.341772269177,82.778591756212,62.04,53.25,187.39,18.690566300566,156.32345720838
2015-12-24,43.133382437447,104.79653006084,94.3,54.64965766447,82.981362131446,61.85,53.04,189.41,18.710147826287,157.12082980845
2015-12-28,42.562340168245,103.62274683976,94.2,54.312908013369,82.79790322052,61.86,53.18,189.1,18.602449434822,155.37237422758
2015-12-29,42.828170190115,105.48527889305,95.33,55.140350013218,83.850378025305,62.22,53.33,191.88,18.857009269193,157.9758438013
2015-12-30,42.138981244527,104.10778122864,95.28,54.409122199398,83.406214346221,62.25,52.9,191.31,18.56328638338,156.87105043976
2015-12-31,41.695931208078,102.10943954646,93.94,53.225687711241,81.803362808658,60.93,52.63,190.75,18.279354260428,155.94878815534
2016-01-04,40.278171091439,102.19674573646,91.97,52.379002874186,79.244593787849,60.31,52.31,184.68,18.083539003219,152.11563553574
2016-01-05,39.894194393183,99.63576416319,92.34,51.99414613007,79.437708430929,60.39,52.02,184.9,18.10312052894,151.95231825621
2016-01-06,40.593228895137,97.685925919903,91.02,49.781219851403,78.462479483375,59.54,50.48,184.07,17.359022551547,150.55931793079
2016-01-07,39.825275498624,93.563133614445,89.11,48.51119259582,76.067857909184,55.98,48.19,174.37,16.849902882804,146.96633778109
2016-01-08,39.7465110477,94.0578686911,87.85,48.087850177293,75.440235319174,55.06,48.1,168.13,16.438690842666,144.780768305
2016-01-11,40.445545549654,95.580876672175,89.38,49.232798991038,75.807153141026,55.23,45.46,161.65,16.330992451202,141.88428831801
2016-01-12,41.351336735284,96.968075024364,89.82,49.694627083977,76.73410342781,54.79,46.88,166.12,16.399527791225,144.86242694477
2016-01-13,39.48068102583,94.474998265534,88.3,48.203307200527,74.677432479009,50.87,45.82,157.92,15.861035833901,139.7419498865
2016-01-14,39.92373106228,96.541244762152,89.8,48.588163944643,76.270628284418,52.65,46.91,167.29,16.458272368387,147.13926195942
2016-01-15,38.161376472847,94.222780383318,89.17,47.933907479646,75.23746494394,49.4,44.15,158.68,15.743546679576,145.35237878336
2016-01-19,38.259832036503,93.766848057773,89.18,47.520186479722,76.386497070266,47.59,45.44,156.75,16.105804905412,145.35237878336
2016-01-20,38.456743163814,93.892956998881,87.94,48.665135293467,75.52713690856,47.9,46.11,159.89,16.027478802528,148.92614513547
2016-01-21,39.175468778498,93.417623297782,88.0,48.617028200452,76.521677320422,47.87,46.21,155.52,16.458272368387,146.77419980517
2016-01-22,39.539754364024,98.384375439886,89.63,49.434848781699,78.317643501065,49.03,46.91,159.15,16.693250677038,149.94447640785
2016-01-25,38.279523149234,96.463639259932,86.77,49.117341967803,77.332758821358,47.97,45.7,154.54,16.556179996991,147.39864822691
2016-01-26,39.027785433015,96.997177087697,86.89,49.348256014272,78.105217393677,48.42,46.2,152.64,16.98697356285,147.73488968477
2016-01-27,39.077013214843,90.623825217848,84.85,49.33863459567,77.709332375364,46.49,44.35,151.12,16.732413728479,144.55500618329
2016-01-28,37.550951978184,91.273771298944,84.52,49.800462688609,77.970037143521,45.27,43.47,145.61,16.330992451202,142.51834363854
2016-01-29,38.387824269255,94.426494826647,89.13,51.820960595218,80.229478467557,46.82,45.62,145.93,17.280696448663,146.72616531119
2016-02-01,38.771800967511,93.54373223889,89.61,51.157082711618,80.113609681709,47.65,45.3,143.5,17.280696448663,146.74537910878
2016-02-02,36.458095221608,91.652098122268,87.95,49.396363107287,79.341151109389,45.89,42.94,137.36,16.693250677038,144.20915782664
2016-02-03,36.930681927154,93.466126736669,87.99,49.434848781699,79.321839645081,49.56,44.39,145.97,16.928228985688,144.76635795681
2016-02-04,37.619870872743,94.213079695541,86.36,49.713869921183,79.949462235091,49.51,44.64,146.02,17.21216110864,144.01701985072
2016-02-05,36.182419643373,91.696829740939,79.2,47.933907479646,78.510758144145,46.17,43.2,142.28,16.458272368387,139.33846013707
2016-02-08,35.099408443163,92.662367514216,74.94,47.298893851855,78.452823751221,43.45,40.98,139.15,15.85124507104,137.37865278269
2016-02-09,35.731296527653,92.642861700615,73.85,47.443215130898,77.892791286289,42.64,39.57,136.46,15.763128205296,137.53236316342
2016-02-10,36.649508900428,91.940652410959,75.53,47.106465479797,78.047283000753,43.72,47.96,138.82,15.655429813832,139.11750146476
2016-02-11,36.027494067258,91.384736723314,74.94,46.991008456562,77.448627607206,43.26,49.14,135.36,15.312753113717,136.8598802477
2016-02-12,37.340636492839,91.667571020537,76.67,47.760721944794,78.925954626767,44.92,50.76,141.11,15.723965153855,140.01386872224
2016-02-16,38.120623347132,94.252091322744,78.88,50.098726665299,80.895723986182,44.89,52.55,142.39,16.370155502643,142.36484786123
2016-02-17,38.841370693503,95.695521529259,81.85,50.73374029309,82.392362470052,46.67,53.42,148.6,16.781367542781,146.15737387969
2016-02-18,39.038835719907,93.881480864314,80.53,50.06986240949,81.986821719584,47.75,53.28,143.15,16.810739831363,144.44493228462
2016-02-19,39.25604724895,93.666916914697,80.87,50.127590921107,82.614444309594,49.91,53.13,145.89,17.995422137475,145.23826680889
2016-02-22,40.322358391527,94.486161085962,83.8,50.618283269855,83.425525810529,50.35,54.48,145.32,18.201028157544,143.72899625052
2016-02-23,39.8681888308,92.350274496591,83.07,49.511820130522,81.92888732666,49.69,53.97,142.06,18.220609683265,142.47127078522
2016-02-24,40.144639867764,93.725434355502,83.42,50.252669362945,82.324772344974,49.18,54.78,141.97,18.397795514869,142.32614861614
2016-02-25,40.835767460175,94.369126204353,86.68,51.397200338592,82.962050667138,49.42,54.96,140.54,18.594668661095,141.97785541037
2016-02-26,40.351978145488,94.515419806365,86.6,51.833674015746,82.711001631134,51.19,55.24,140.16,18.70294889152,142.80021436845
2016-02-29,40.48033041265,94.300855856748,85.15,51.397200338592,81.774395612196,51.74,53.97,140.8,18.574981346473,137.65321477197
2016-03-01,41.299810272223,98.045972068247,88.37,53.055800311776,83.782787900227,54.31,55.53,150.83,19.067164212039,143.56452445891
2016-03-02,41.062852240539,98.260536017864,88.39,53.744458780173,82.70134589898,54.41,56.21,151.59,19.185288099775,142.69379144446
2016-03-03,41.349176528824,98.992004027923,87.21,53.802655270461,82.70134589898,54.79,55.64,145.85,19.14591347053,141.09744758465
2016-03-04,41.10234524582,100.46469295484,86.18,54.103337136944,83.222755435295,56.25,55.57,144.46,19.086851526662,141.23289494246
2016-03-07,41.596007811828,99.352861579552,85.11,54.791995605342,83.126198113756,58.17,55.33,149.6,19.136069813218,142.51964484158
2016-03-08,40.253245632286,98.533617408286,84.35,53.676562874838,82.546854184516,56.86,54.58,141.03,18.486388430671,139.92679542079
2016-03-09,41.12209174846,98.621393569493,85.27,53.278886857876,83.280689828219,56.69,55.19,140.52,18.870291065813,136.3180908165
2016-03-10,41.10234524582,98.670158103497,84.85,53.463175743786,82.775487323429,55.95,54.64,136.76,19.264037358266,136.44386336303
2016-03-11,41.931698356713,99.733224944782,86.0,54.25852777771,84.786581909808,56.61,56.07,139.27,19.721767423242,139.86874655316
2016-03-14,42.050177372555,99.986800521603,87.01,53.996643571418,84.786581909808,56.7,55.28,134.5,19.598721706851,139.91712060952
2016-03-15,41.576261309187,101.99589932256,86.83,54.423417833523,84.83515907373,56.32,54.67,134.44,19.588878049539,138.55297222023
2016-03-16,41.77372633559,103.35155336787,88.17,55.150873962113,85.165483788401,56.97,55.81,130.84,19.736532909209,139.29793268814
2016-03-17,41.566388057867,103.18575395226,89.96,56.130514881946,86.311904856965,57.06,56.06,127.91,19.96293702737,139.44305485722
2016-03-18,42.889403734768,103.30278883387,93.42,57.236248197402,86.117596201276,57.81,55.95,128.45,20.169653830908,140.77817881269
2016-03-21,42.919023488729,103.29303592707,92.5,57.081057556636,86.4770672143,58.17,56.29,131.06,20.405901606379,142.22940050343
2016-03-22,42.218022644998,104.08302137793,92.56,56.760976860057,86.117596201276,57.98,56.74,135.71,20.455119892936,145.72200737247
2016-03-23,41.388669534104,103.50759987668,92.16,56.576687974148,86.010726440647,57.29,55.12,133.63,19.96293702737,143.92249247595
2016-03-24,39.986667846642,103.05896616385,92.52,56.877369840631,86.224465961905,57.37,54.84,133.19,19.834969482323,144.38688341699
2016-03-28,40.391471150768,102.59082663741,92.4,56.5669885591,85.787271486605,57.11,54.93,132.5,19.884187768879,143.54517483636
2016-03-29,40.825894208855,105.01930043081,93.22,57.032560481397,86.885115391247,58.23,55.26,134.54,20.268090404021,144.62875369878
2016-03-30,40.855513962816,106.85284690935,93.78,57.33324234788,86.613083273282,57.9,55.1,134.82,20.711054983031,144.61907888751
2016-03-31,40.49020366397,106.29693122171,93.8,57.410837668263,87.157147509211,58.31,55.57,139.22,20.848866185389,145.05444539473
2016-04-01,39.019089217266,107.27222190179,95.16,57.207149952258,87.691496312355,57.77,55.22,142.94,21.085113960861,149.14689056261
2016-04-04,38.870990447464,108.37430037027,94.5,56.993762821205,87.157147509211,58.19,55.33,147.1,20.839022528078,149.63063112618
2016-04-05,38.436567389377,107.09666957937,94.17,56.722179199865,87.196009240349,57.11,53.14,148.03,20.622462067229,147.97623839874
2016-04-06,38.406947635416,108.21825386146,95.4,57.38173942312,88.254991413853,57.78,54.78,157.02,20.730742297653,154.46803676197
2016-04-07,37.873792064128,105.85805041567,93.78,56.605786219291,87.244586404271,56.39,53.28,148.03,20.474807207559,152.26217979205
2016-04-08,38.01201758261,105.97508529728,94.07,57.032560481397,87.759504341846,56.76,52.38,148.89,20.464963550247,151.37209715507
2016-04-11,38.239102362974,106.32618994211,92.95,56.83857218044,87.157147509211,56.87,51.06,147.88,20.612618409917,151.30437347617
2016-04-12,38.693271923701,107.71110270782,93.42,57.032560481397,87.545764820589,55.92,50.54,153.55,20.602774752606,153.44250676718
2016-04-13,39.433765772713,109.27156779595,94.53,58.002501986182,87.672065446786,57.71,51.79,152.88,20.976833730436,154.85502921283
2016-04-14,40.648175685092,109.33008523675,94.44,57.65332304446,87.691496312355,58.08,51.67,154.75,21.144175904729,154.91307808046
2016-04-15,40.391471150768,107.13568120657,95.16,56.896768670727,87.584626551726,58.42,50.93,153.09,21.134332247418,154.92275289174
2016-04-18,40.401344402088,104.82424229479,96.55,56.935566330918,88.118975354871,59.14,51.75,155.71,21.22292516322,156.44169826137
2016-04-19,40.816020957535,104.26832660715,96.52,56.479693823669,88.157837086008,59.13,51.35,155.44,20.868553500012,156.82869071224
2016-04-20,40.737034946974,104.48289055676,96.33,57.401138253215,87.555480253373,59.39,51.27,157.04,20.809491556144,157.46722825616
2016-04-21,39.502878531954,103.35155336787,96.37,57.042259896445,86.807391928971,60.07,51.36,161.38,20.617540238573,159.00552324834
2016-04-22,37.725693294326,103.06871907065,94.79,56.722179199865,87.098854912504,59.54,51.13,159.1,20.770116926899,157.88324514084
2016-04-25,36.531029884586,102.4835446626,95.8,56.673682124626,87.030846883013,59.99,51.09,158.02,20.612618409917,158.14446504517
2016-04-26,36.452043874025,101.77158246615,96.15,57.546629478933,87.234870971487,61.01,52.66,154.01,20.937459101191,157.5543015576
2016-04-27,36.244705596302,95.402934325236,95.64,57.847311345417,87.555480253373,61.4,54.85,150.78,21.085113960861,155.76446147236
2016-04-28,35.51408499861,92.486815191802,93.64,56.120815466898,86.56450610936,61.39,52.41,142.53,20.48465086487,155.33876977641
2016-04-29,34.25030882963,91.423748350517,94.22,54.627105549528,85.923287545587,59.82,50.99,139.28,20.149966516285,153.15226242904
2016-05-02,34.092336808507,91.326219282509,94.9,55.29636518783,86.885115391247,61.37,50.94,140.53,19.992467999304,153.81982440678
2016-05-03,34.240865722863,92.82816692983,93.66,54.539810814098,86.282758558611,60.34,49.91,144.37,19.785751195766,151.26567423108
2016-05-04,32.884301638412,91.862629156552,92.94,54.151834212183,85.874710381665,58.73,49.54,141.41,19.539659762983,149.16624018515
2016-05-05,32.483273569651,91.492018698123,93.5,54.016042401513,83.989916421484,58.46,49.51,142.58,19.539659762983,149.23396386405
2016-05-06,32.706066941185,90.981767199592,94.3,53.802655270461,84.378533732861,58.66,49.94,140.99,19.559347077605,148.20843386926
2016-05-09,32.616949592571,91.050454901317,94.61,53.569869309312,84.679712149179,58.79,50.15,143.52,19.579034392228,150.35624197155
2016-05-10,33.438809585341,91.668644216845,96.52,54.413718418476,85.981580142294,59.57,51.97,145.48,19.66762730803,152.12673243425
2016-05-11,32.537734171581,90.775704094416,96.1,54.074238891801,84.203655942741,59.03,50.72,138.86,19.697158279964,149.16624018515
2016-05-12,31.02273924515,88.646385340931,95.96,53.249788612733,84.077355316544,58.06,51.12,139.11,19.323099302134,147.92786434239
2016-05-13,31.200973942378,88.823010859653,95.97,53.075199141871,83.319551559357,57.87,50.49,139.74,19.303411987511,148.36323084961
2016-05-16,31.804991527425,92.120020542469,97.23,53.763857610269,84.232802241095,59.08,51.36,144.57,19.539659762983,149.25915584063
2016-05-17,32.319891763859,91.73733191857,95.93,53.705661119982,82.921218815195,57.98,50.965,139.96,19.332942959445,146.18184826278
2016-05-18,32.290185980988,92.787272502086,96.7,54.142134797136,83.164104634806,57.76,50.97,142.33,19.608565364162,146.8830069514
2016-05-19,31.834697310296,92.434021464641,95.88,54.025741816561,82.717194726722,57.52,50.68,139.03,19.598721706851,144.77953088553
2016-05-20,31.696070323564,93.434899404067,96.88,54.840492680581,83.037804008608,56.19,51.73,142.52,22.305727467465,146.25001646862
2016-05-23,31.4188163501,94.622215391034,96.62,55.053879811634,82.824064487351,56.96,51.29,142.51,22.541975242937,145.39304473808
2016-05-24,31.834697310296,96.064657127265,99.63,56.469994408621,84.971175132712,58.46,52.7,146.67,23.221187597419,148.72354850904
2016-05-25,31.854501165544,97.752412083945,99.61,56.92586691587,85.029467729419,58.91,52.86,149.61,23.389242169218,151.49896831817
2016-05-26,31.200973942378,98.527601860559,99.37,56.945405569351,85.204345519539,58.11,53.98,148.17,23.458441110547,151.47949168793
2016-05-27,31.33960092911,98.468726687651,100.14,57.091945470456,85.53467023421,59.34,54.2,150.42,24.160316086884,152.63835118718
2016-05-31,31.597051047327,97.987912775574,99.47,57.150561430898,85.340361578521,58.27,54.58,150.9,24.14054496079,153.81668731668
2016-06-01,31.636658757822,96.614158741068,100.04,57.297101332003,85.612393696485,58.3,54.42,152.7,24.101002708602,153.91407046787
2016-06-02,31.359404784357,95.888031608543,100.17,56.935636242611,85.583247398132,58.76,54.9,156.77,24.23940059126,155.68644381967
2016-06-03,30.507839008716,96.084282184901,98.7,56.769557688025,84.844874506514,58.29,53.55,153.89,24.110888271649,155.02423839153
2016-06-06,30.953425751784,96.780971730972,99.12,55.773086360512,85.194630086754,58.67,54.53,154.99,23.893405884615,155.9980699035
2016-06-07,32.042637790395,97.173472883688,98.52,56.456939232335,84.39796459843,58.68,54.85,138.13,23.893405884615,154.73208893793
2016-06-08,32.191166704751,97.085160124327,98.68,56.447169905594,85.252922683461,58.53,54.92,138.88,23.952719262897,153.86537889227
2016-06-09,33.072438263263,97.781849670398,98.07,56.232244717307,85.653675931571,57.79,55.44,138.24,24.14054496079,152.67730444766
2016-06-10,32.814988145046,96.97722230733,97.09,55.646085112888,85.125854580401,56.18,52.73,135.61,23.794550254145,150.72964142371
2016-06-13,31.488129843466,95.515155513463,96.96,55.558161172225,85.194275866664,55.89,52.21,133.32,23.666037934534,149.07412785335
2016-06-14,30.062252265649,95.632905859278,96.98,55.753547707031,85.516833359046,55.71,52.66,131.22,23.468326673594,148.98648301727
2016-06-15,30.190977324757,95.318904937105,97.02,55.558161172225,85.634126992639,56.61,53.27,129.55,23.428784421406,147.92500666922
2016-06-16,28.854217095553,95.721218618639,97.19,55.587469152446,86.044654710216,56.77,53.71,127.49,23.418898858359,148.31453927401
2016-06-17,29.052255648028,93.542837221064,95.58,54.698460419076,85.634126992639,56.68,53.19,125.2,23.161874219137,145.70467082191
2016-06-20,29.418626970106,93.317149058253,97.99,55.480006558302,87.031876126294,57.56,54.14,123.96,23.359585480077,146.70771727925
2016-06-21,29.725586726442,94.111963892503,99.72,55.743778380291,87.325110210277,58.07,54.7,124.14,23.557296741017,145.50990451952
2016-06-22,29.596861667333,93.758712855058,94.01,55.538622518744,86.816837798039,57.38,54.7,121.41,23.695694623675,145.88969880919
2016-06-23,30.032546482777,94.298401940043,96.21,56.769557688025,87.911578378244,59.06,57.17,123.57,24.23940059126,148.28532432865
2016-06-24,26.784714222193,91.649019159209,92.2,53.770374378746,84.764199210155,54.04,53.35,112.99,22.964162958197,142.61762492895
2016-06-27,25.022171105169,90.314515239974,90.85,51.337812020405,83.728105446747,50.54,51.16,111.89,22.034920031778,140.79656000155
2016-06-28,26.507460248729,91.835457206749,92.46,53.057213526702,85.937135546089,51.48,53.05,114.94,22.677481629833,144.53607300754
2016-06-29,27.428339517736,92.630272040999,94.39,54.336995329684,87.119846351489,53.22,54.56,114.17,23.290386538748,146.17210994766
2016-06-30,28.032357102784,93.807775499148,95.79,55.333466657197,89.798050985205,54.14,55.93,116.76,23.695694623675,148.16846454721
2016-07-01,29.042353720404,94.092338834867,95.32,55.323697330457,90.658204298223,54.34,55.5,118.59,23.616610119299,150.24272566772
2016-07-05,28.646276615455,93.209211241256,94.73,54.082992834436,91.205574588325,52.8,54.25,117.64,23.567182304064,150.2329873526
2016-07-06,28.071964813278,93.739087797422,95.18,54.180686101839,91.313093752452,52.96,54.96,121.12,23.725351312816,151.96640744392
2016-07-07,29.11166721377,94.141401478956,95.14,54.659383112115,91.391289508181,53.53,54.94,123.34,24.012032641179,152.49227646039
2016-07-08,29.745390581689,94.867528611481,96.79,56.408092598633,92.339413046395,55.14,56.38,124.42,24.644708676188,156.8842565794
2016-07-11,30.854406475547,95.161904476018,97.14,56.90632826239,92.994302500624,55.49,56.24,125.3,24.862191063222,155.98833158838
2016-07-12,34.320081143853,95.593655744006,97.54,57.629258441174,92.671745008243,57.38,56.16,125.35,25.119215702444,157.7217516797
2016-07-13,34.112140663755,95.053966659021,97.34,58.147032758411,92.994302500624,56.87,56.86,123.47,25.613493854794,156.31943430245
2016-07-14,35.528116313948,96.937972192059,97.7,58.635499095427,93.062723786887,58.16,57.43,125.15,25.801319552688,158.48134025904
2016-07-15,35.538018241572,96.928159663241,97.83,58.762500343051,92.916106744895,57.98,57.25,125.58,26.038573065816,159.00720927551
2016-07-18,35.676645228304,97.95847518912,97.79,59.03604149178,92.789038641836,58.01,57.47,125.46,26.295597705038,158.66636824632
2016-07-19,35.656841373057,97.997725304392,97.79,58.879732263935,92.877008867031,57.52,57.45,124.16,26.088000881051,158.23788238105
2016-07-20,35.567724024443,98.086038063753,98.4,59.290043987029,93.238664237277,58.27,57.83,126.93,26.345025520273,158.97799433015
2016-07-21,34.617138972565,97.565974036404,96.34,58.567113808245,92.740166294505,57.58,57.2,127.3,25.929831872299,159.89339595141
2016-07-22,36.003408839887,96.810409317426,98.06,59.006733511559,93.287536584608,58.78,57.89,125.8,26.068229754957,161.33466658913
2016-07-25,35.448900892958,95.515155513463,97.32,59.133734759184,93.140919542616,58.22,57.9,127.46,26.186856511521,162.20137663479
2016-07-26,36.191545464738,94.857716082663,97.91,61.422199548105,93.561221729659,58.75,58.09,126.65,26.503194529025,163.28232961309
2016-07-27,35.844977997908,101.01998418031,97.93,61.869146246475,92.789038641836,59.62,50.51,129.78,26.592164596448,166.21356246414
2016-07-28,35.98360498464,102.38392568599,98.44,62.738616326363,89.661208412679,59.45,50.69,130.4,26.315368831132,166.79786137132
2016-07-29,35.151843064246,102.25636281136,97.86,62.357612583491,86.943905901099,59.45,50.53,128.6,25.989145250581,167.5282350053
2016-08-01,35.250862340484,104.06186811386,97.72,62.504152484596,86.670220756048,59.74,50.6,133.5,25.969374124487,169.60249612581
2016-08-02,33.181359467124,102.52130108945,96.05,61.390449236199,85.986007893419,57.87,49.96,133.61,25.672807233076,169.59275781069
2016-08-03,33.25067296049,103.80674236459,96.67,61.41975721642,86.201046221674,57.95,49.44,137.66,25.900175183158,168.89159912207
2016-08-04,33.349987993227,104.44455673775,97.09,61.878915573215,86.416084549929,58.25,49.43,135.43,26.068229754957,168.15148717297
2016-08-05,34.204097274769,106.03287955203,99.04,62.220842009126,87.647667702659,59.33,50.66,137.11,26.503194529025,169.11558036982
2016-08-08,34.114713745306,106.91089651148,98.49,61.976608840618,87.422854904938,59.37,50.21,136.08,26.522965655119,167.83012277402
2016-08-09,34.353069823875,107.34497231166,98.87,62.34784325675,87.940901786643,60.34,50.22,135.0,26.483423402931,167.5769265809
2016-08-10,33.945878189652,106.54587822497,100.62,62.318535276529,88.009323072905,60.3,52.02,132.67,26.107772007145,166.74916979572
2016-08-11,34.720535445004,106.4768207113,101.67,62.660461712441,88.361203973686,61.71,51.41,133.67,26.513080092072,167.91776761009
2016-08-12,34.680809431909,106.72345468868,101.04,62.758154979844,88.0972932981,61.83,51.97,133.44,26.868960361764,168.49232820216
2016-08-15,35.624302242914,108.00595137101,100.93,63.764395634097,88.312331626355,62.98,52.05,136.07,27.155641690127,170.98533687282
2016-08-16,36.498274531004,107.90729778007,100.6,63.383391891225,87.540148538532,62.65,52.0,133.76,26.908502613952,168.61516551738
2016-08-17,36.349301981898,107.74945203455,99.7,62.719077672883,87.315335740811,62.79,52.34,133.06,26.977701555281,170.72089626705
2016-08-18,36.418822504814,107.61133700722,100.67,62.6506923857,87.804059214117,63.5,52.35,132.43,27.363238514115,171.15183651349
2016-08-19,36.240055445887,107.88756706188,100.32,62.660461712441,87.823608153049,63.74,52.95,132.135,29.300808871328,170.04510360785
2016-08-22,35.753411785473,107.04901153881,100.24,62.367381910231,87.882254969846,63.29,52.98,136.53,28.816416282025,170.76007265309
2016-08-23,36.150671916423,107.38443374804,101.14,62.32830460327,87.950676256109,63.46,53.6,137.42,29.706116956255,170.80904313564
2016-08-24,36.398959498266,106.57547430225,101.14,61.663990384928,87.657442172125,63.17,53.98,132.12,29.458152707872,167.32234477805
2016-08-25,36.468480021183,106.12166778389,101.69,61.683659919341,87.74541239732,63.7,54.56,129.17,29.408559858196,166.72490489094
2016-08-26,35.981836360769,105.50015016091,102.06,61.919694332297,87.764961336252,68.87,55.31,129.63,29.725954096126,168.42907768369
2016-08-29,35.922247341127,105.38176585177,102.3,61.850850961852,87.56947194693,68.32,55.04,127.99,29.805302655608,167.97854924423
2016-08-30,36.796219629216,104.57280640599,102.0,61.860685729058,87.764961336252,68.03,54.89,128.22,29.745791235996,167.24399200597
2016-08-31,36.051356883685,104.67145999694,102.31,61.526303644036,87.784510275185,67.4,54.9,125.86,29.597012686967,166.55840525027
2016-09-01,35.991767864043,105.29297761992,102.9,62.018042004363,88.586016771406,67.37,55.07,125.63,30.043348334056,166.62696392584
2016-09-02,36.279781458981,106.27951352941,103.57,62.106554909221,88.351429504219,68.01,55.33,123.67,29.775546945802,166.27437645148
2016-09-06,36.706836099752,106.24991745212,103.5,61.693494686547,87.833382622515,67.69,55.5,125.85,29.735872666061,167.32234477805
2016-09-07,38.484575185752,106.90103115239,103.0,60.631339828242,88.449174198881,68.6,54.08,125.09,29.666442676514,167.11666875134
2016-09-08,39.080465382177,104.09926916943,101.88,60.395305415286,87.967403463471,68.81,53.5,130.06,29.54741983729,167.44966803268
2016-09-09,38.226356100635,101.74144834575,99.38,58.634882085317,85.116107274312,66.84,52.5,124.92,28.624992833306,163.12067737523
2016-09-12,38.077383551529,104.02034629667,100.32,59.61835880597,86.659740038788,67.35,53.09,129.29,29.349048438584,168.49763635926
2016-09-13,37.114027733976,106.49655142949,98.77,59.451167763459,85.234091944208,65.78,51.87,126.79,29.140758469942,165.8140539155
2016-09-14,36.140740413149,110.26511860375,98.79,59.913401822166,85.234091944208,65.51,51.65,129.42,29.190351319619,166.63675802235
2016-09-15,36.160603419697,114.01395505981,99.62,61.614816548895,86.010824354358,67.39,51.38,129.7,29.904488354961,169.08528214987
2016-09-16,35.246905118512,113.37270671864,98.93,61.024730516503,85.293084279156,67.6,50.98,131.46,29.805302655608,169.39869323819
2016-09-19,35.197247602144,112.05074859993,99.68,61.427955971971,85.106275218487,68.13,51.62,131.18,30.053266903991,167.8512259896
2016-09-20,34.909234007205,112.04088324083,100.62,61.309938765493,86.315618084924,68.79,51.36,131.73,30.142534033409,169.81004529161
2016-09-21,34.432521850065,112.02115252264,107.78,62.254076417319,87.387312169814,71.69,52.21,130.36,30.321068292244,170.27036782758
2016-09-22,35.008549039942,113.0767459458,107.92,62.627797571167,87.957571407646,72.35,52.43,133.69,30.043348334056,172.00392290987
2016-09-23,35.306494138155,111.19246235867,107.47,62.185233046874,86.984197881002,71.67,52.25,127.22,29.418478428131,171.20080699604
2016-09-26,34.690740935183,111.36017346328,107.26,61.250930162254,86.708900317911,71.08,51.76,124.51,29.111002760137,169.95695673926
2016-09-27,35.753411785473,111.56734600428,109.7,62.755649544852,87.456136560587,71.9,52.65,125.98,29.398641288261,168.09607840235
2016-09-28,35.594507733093,112.41576688644,109.49,62.873666751331,85.981328186884,72.65,52.28,123.76,29.497826987614,166.21561187242
2016-09-29,35.574644726546,110.66959832664,107.8,62.686806174407,85.745358847092,71.59,52.41,120.06,29.339129868649,162.04332675912
2016-09-30,36.359233485171,111.5278845679,108.54,63.38507464607,86.718732373736,72.33,52.99,122.54,29.904488354961,163.37532388449
2016-10-03,37.441767342009,111.00502053587,108.45,63.188379301939,86.158305191729,71.18,53.71,122.14,29.676361246449,163.89441099953
2016-10-04,37.372246819093,111.47855777242,108.39,63.178544534733,85.706030623793,71.42,54.64,123.41,29.368885578455,164.10008702624
2016-10-05,37.610602897663,111.5278845679,108.8,63.61127429182,86.109144912605,73.21,55.98,125.51,29.69619838632,163.79647003443
2016-10-06,37.908547995875,112.35657473187,108.56,63.670282895059,86.089480800956,72.83,54.86,122.89,29.646605536643,163.46347075309
2016-10-07,37.471561851831,112.52428583648,108.64,63.35557034445,85.902671740287,72.01,54.95,125.05,29.507745557549,164.05111654369
2016-10-10,38.623616231585,114.48749229637,109.24,62.303250253352,86.295953973274,72.21,55.31,126.05,29.140758469942,164.84443836101
2016-10-11,37.938342505696,114.73412627374,107.37,61.073904352536,84.644168594727,70.17,54.13,121.77,28.406784294729,160.93659385349
2016-10-12,37.12395923725,115.76012361961,108.05,60.178940536742,85.411068949052,70.33,54.28,118.75,28.406784294729,160.50565360704
2016-10-13,38.971218846166,115.40497069219,108.01,59.706871710829,85.430733060702,69.29,54.45,119.61,27.633135839775,160.90721156396
2016-10-14,38.385260153015,116.04621903336,107.84,61.03456528371,86.089480800956,69.46,54.66,118.34,27.841425808417,158.56642249805
2016-10-17,38.315739630099,115.9672961606,107.49,60.680513664275,85.774855014566,68.85,54.94,119.47,27.573624420163,159.27159744677
2016-10-18,39.080465382177,115.88837328784,108.42,61.113243421362,85.912503796111,70.13,55.92,121.34,27.79183295874,159.44789118396
2016-10-19,40.351697801216,115.54308571952,108.39,60.887043775612,85.961664075235,70.78,56.62,120.31,28.0893900568,157.76330658422
2016-10-20,40.311971788121,115.48389356495,109.03,62.42126745983,85.381572781578,71.13,56.73,122.47,28.148901476411,158.17465863765
2016-10-21,39.626698062233,115.03008704659,109.03,61.870520496265,85.263588111682,71.18,57.67,120.26,28.198494326088,155.24622378114
2016-10-24,39.557177539317,116.06594975155,110.81,62.962179656189,86.197633415027,72.22,58.84,121.61,28.91263136143,155.49107619389
2016-10-25,39.418136493484,116.65787129725,109.03,63.001518725015,86.030488466008,71.36,59.07,121.41,28.624992833306,154.64388684577
2016-10-26,39.050670872356,114.033685778,107.97,62.391763158211,85.725694735442,70.66,67.7,121.59,28.615074263371,155.71634041362
2016-10-27,39.636629565506,112.93863091847,107.07,62.2245721157,85.204595776734,70.58,68.81,131.37,28.624992833306,157.26380766221
2016-10-28,39.785602114613,112.18886362725,107.6,62.48027606307,85.696198567968,71.86,69.91,135.59,28.4266214346,142.19069313321
2016-10-31,40.321903291395,112.01128716355,107.51,63.040857793842,85.597878009721,72.28,69.47,130.5,28.843201371883,138.25346633616
2016-11-01,39.527383029495,109.98888854909,106.87,62.549119433515,85.460229228176,70.1,68.1,131.42,28.664667113048,137.86170247576
2016-11-02,39.437999500032,110.08754214004,105.89,62.608128036754,88.46883831053,68.68,67.31,127.74,28.357191445053,135.84411859468
2016-11-03,39.209574924736,108.91356440775,107.17,62.794988613678,87.829754681925,67.61,66.52,127.52,28.039797207123,132.43577300918
2016-11-04,39.568016950457,107.93182509459,106.2,62.381928391004,87.583953286308,69.44,65.81,129.0,27.990204357446,132.61206674636
2016-11-07,41.31044346438,109.48872481343,108.66,63.296561741211,89.078425771661,72.0,66.52,120.05,29.091165620266,136.3436175167
2016-11-08,41.519534646051,110.13330113015,108.39,63.778465334331,89.619188842018,72.69,66.37,119.35,29.269699879102,135.59926618193
2016-11-09,42.226461974556,109.95480307321,107.86,63.896482540809,89.373387446401,72.63,66.53,127.16,28.89279422156,143.40516110046
2016-11-10,42.116938022253,106.89058642913,104.08,63.188379301939,89.855158181811,73.49,66.22,126.88,27.950530077705,148.44912080315
2016-11-11,42.744211567265,107.52524618712,103.68,64.240699393038,89.550364451245,73.81,65.45,113.62,28.585318553565,145.9712143861
2016-11-14,43.21217754529,104.82794221563,102.42,65.361862854582,90.346760973045,73.55,65.44,118.89,28.753934242465,144.38457075147
2016-11-15,44.566291864682,106.21626043625,103.66,67.082947115724,90.789203485156,75.15,65.47,120.36,29.368885578455,145.01567391552
2016-11-16,44.257633453644,109.07222934725,104.08,66.758399797909,91.703584676852,77.57,65.9,122.51,29.775546945802,145.18331069347
2016-11-17,45.631661218909,109.03256311237,105.81,67.082947115724,92.794942873392,78.46,66.6,122.97,30.479765411209,145.31150352367
2016-11-18,46.059800305187,109.14164525828,105.02,67.338651063094,92.804774929217,76.9,66.44,119.85,30.489683981145,143.2111133058
2016-11-21,45.880579292326,110.7977105643,105.65,68.666344635975,93.984621628179,75.52,66.9,117.68,31.094716747199,143.52666488783
2016-11-22,45.880579292326,110.86712647533,105.21,71.685618168379,94.771186094154,75.21,66.82,117.02,31.511296684482,142.32362448135
2016-11-23,46.139454088681,110.30188262837,104.21,72.374051872836,95.026819545596,75.15,66.48,118.92,31.720244341689,143.01389356703
2016-11-25,46.617376789642,110.85720991662,105.02,72.973972672434,95.292285052862,75.83,66.95,118.83,31.720244341689,143.40833304457
2016-11-28,46.298761655668,110.6390456248,104.5,72.934633603608,94.948163098998,75.18,66.17,119.38,31.680444787935,143.05333751479
2016-11-29,46.687073850199,110.5299634789,104.95,73.29851999025,95.410269722759,75.26,67.28,125.59,31.998841217964,143.97040930006
2016-11-30,46.239021318048,109.59780695934,102.81,73.426371963935,94.407400028641,72.61,66.7,122.59,32.038640771718,142.06723882095
2016-12-01,45.552007435415,108.57640141131,99.51,68.253689779514,94.161598633023,69.22,63.51,122.01,29.949164199649,140.41059301531
2016-12-02,45.9004927382,108.98298031878,99.73,69.341634407213,93.640499674315,70.57,63.87,122.96,31.282449250398,142.00807289932
2016-12-05,45.522137266605,108.19957218,101.95,69.826264286824,94.436896196115,71.18,64.31,124.93,31.371998246344,143.27027922743
2016-12-06,46.229064595111,109.03256311237,101.55,70.221880515078,94.387735916991,76.32,64.93,124.17,31.451597353851,143.09278146254
2016-12-07,48.439457087059,110.10355145399,103.36,72.140619222109,96.491795863474,80.34,66.15,125.62,32.347087313309,139.2272745827
2016-12-08,47.842053710857,111.18445635433,103.5,73.070317358506,97.104944509937,81.74,66.31,126.0,32.546085082078,138.6356153664
2016-12-09,49.425172657793,112.99918659986,104.31,72.338427336236,97.13461299283,81.11,64.94,132.07,32.187889098294,141.45585763077
2016-12-12,47.384044455769,112.35461028314,105.16,72.101057599284,96.976381084066,78.37,64.25,115.08,31.83964300295,143.73374561354
2016-12-13,47.632962529186,114.22883988098,106.15,72.298865713411,97.31262389019,79.67,65.14,110.01,31.869492668265,146.30746320445
2016-12-14,47.71261631268,114.22883988098,105.81,71.745002993855,96.610469795048,76.83,66.99,113.52,31.978941441088,146.62301478647
2016-12-15,48.090971784274,114.85358308026,105.1,72.803276404435,97.66864568491,78.92,67.58,116.7,32.894331177422,148.299382566
2016-12-16,47.423871347515,115.00233146104,103.55,71.29993473707,99.735549993147,76.48,67.19,120.04,32.347087313309,147.29356189828
2016-12-19,48.369760026502,115.6667408952,105.29,72.012043947927,99.972897856294,75.7,67.76,114.56,32.27743809424,145.68622102733
2016-12-20,49.006990294451,115.97415421548,105.77,72.595577884601,101.19919514922,76.01,68.7,116.72,32.446586197693,145.17344970654
2016-12-21,49.255908367869,116.08323636138,105.51,72.793385998728,101.33764806939,75.63,67.87,118.99,32.416736532378,144.13804607801
2016-12-22,48.479283978806,115.31966134004,104.72,72.645029913133,101.46621149526,74.58,67.37,125.85,32.84458173523,144.32540482984
2016-12-23,48.270192797135,115.54774219057,105.02,73.030755735681,101.79256480709,76.0,67.63,127.19,32.735132962408,145.4988622755
2016-12-27,48.399630195312,116.28156753576,104.98,73.495604803879,102.1683655904,75.98,68.09,126.06,33.16297816526,146.29760221751
2016-12-28,47.463698239262,115.78573959982,103.77,72.753824375903,101.91123873866,75.02,67.27,123.73,32.735132962408,145.61719411876
2016-12-29,47.045515875921,115.75598992367,103.68,72.773605187316,102.30681851057,74.98,67.04,123.63,32.496335639885,145.72566497508
2016-12-30,46.487939391465,114.85358308026,102.95,71.824126239506,101.64422239262,74.01,66.68,122.35,32.108289990787,144.17749002576
